crime_group,source_feature,normalized_feature,canonical_feature,mapping_status,mapping_notes
CHILDREN,CHILDREN_Abetment of suicide,ABETMENT_OF_SUICIDE,ABETMENT_OF_SUICIDE,EXACT_NORMALIZED_MATCH,Canonicalized by exact mechanical name normalization only.
CHILDREN,CHILDREN_Buying of girls for prostitution,BUYING_OF_GIRLS_FOR_PROSTITUTION,BUYING_OF_GIRLS_FOR_PROSTITUTION,EXACT_NORMALIZED_MATCH,Canonicalized by exact mechanical name normalization only.
CHILDREN,CHILDREN_Exposure and abandonment,EXPOSURE_AND_ABANDONMENT,EXPOSURE_AND_ABANDONMENT,EXACT_NORMALIZED_MATCH,Canonicalized by exact mechanical name normalization only.
CHILDREN,CHILDREN_Foeticide,FOETICIDE,FOETICIDE,EXACT_NORMALIZED_MATCH,Canonicalized by exact mechanical name normalization only.
CHILDREN,CHILDREN_Infanticid,INFANTICID,INFANTICID,EXACT_NORMALIZED_MATCH,Canonicalized by exact mechanical name normalization only.
CHILDREN,CHILDREN_Kidnapping and Abduction,KIDNAPPING_AND_ABDUCTION,KIDNAPPING_AND_ABDUCTION,EXACT_NORMALIZED_MATCH,Canonicalized by exact mechanical name normalization only.
CHILDREN,CHILDREN_Murder,MURDER,MURDER,EXACT_NORMALIZED_MATCH,Canonicalized by exact mechanical name normalization only.
CHILDREN,CHILDREN_Other Crimes,OTHER_CRIMES,OTHER_CRIMES,EXACT_NORMALIZED_MATCH,Canonicalized by exact mechanical name normalization only.
CHILDREN,CHILDREN_Other murder,OTHER_MURDER,OTHER_MURDER,EXACT_NORMALIZED_MATCH,Canonicalized by exact mechanical name normalization only.
CHILDREN,CHILDREN_Procuration of minor girls,PROCURATION_OF_MINOR_GIRLS,PROCURATION_OF_MINOR_GIRLS,EXACT_NORMALIZED_MATCH,Canonicalized by exact mechanical name normalization only.
CHILDREN,CHILDREN_Prohibition of child marriage act,PROHIBITION_OF_CHILD_MARRIAGE_ACT,PROHIBITION_OF_CHILD_MARRIAGE_ACT,EXACT_NORMALIZED_MATCH,Canonicalized by exact mechanical name normalization only.
CHILDREN,CHILDREN_Rape,RAPE,RAPE,EXACT_NORMALIZED_MATCH,Canonicalized by exact mechanical name normalization only.
CHILDREN,CHILDREN_Selling of girls for prostitution,SELLING_OF_GIRLS_FOR_PROSTITUTION,SELLING_OF_GIRLS_FOR_PROSTITUTION,EXACT_NORMALIZED_MATCH,Canonicalized by exact mechanical name normalization only.
CHILDREN,CHILDREN_Total,TOTAL,TOTAL,EXACT_NORMALIZED_MATCH,Canonicalized by exact mechanical name normalization only.
IPC,IPC_Acid attack,ACID_ATTACK,ACID_ATTACK,EXACT_NORMALIZED_MATCH,Canonicalized by exact mechanical name normalization only.
IPC,IPC_ARSON,ARSON,ARSON,EXACT_NORMALIZED_MATCH,Canonicalized by exact mechanical name normalization only.
IPC,IPC_Arson,ARSON,ARSON,EXACT_NORMALIZED_MATCH,Canonicalized by exact mechanical name normalization only.
IPC,IPC_ASSAULT ON WOMEN WITH INTENT TO OUTRAGE HER MODESTY,ASSAULT_ON_WOMEN_WITH_INTENT_TO_OUTRAGE_HER_MODESTY,ASSAULT_ON_WOMEN_WITH_INTENT_TO_OUTRAGE_HER_MODESTY,EXACT_NORMALIZED_MATCH,Canonicalized by exact mechanical name normalization only.
IPC,IPC_Assault on Women with intent to outrage her Modesty,ASSAULT_ON_WOMEN_WITH_INTENT_TO_OUTRAGE_HER_MODESTY,ASSAULT_ON_WOMEN_WITH_INTENT_TO_OUTRAGE_HER_MODESTY,EXACT_NORMALIZED_MATCH,Canonicalized by exact mechanical name normalization only.
IPC,IPC_Assault or use of criminal force to women with intent to Disrobe,ASSAULT_OR_USE_OF_CRIMINAL_FORCE_TO_WOMEN_WITH_INTENT_TO_DISROBE,ASSAULT_OR_USE_OF_CRIMINAL_FORCE_TO_WOMEN_WITH_INTENT_TO_DISROBE,EXACT_NORMALIZED_MATCH,Canonicalized by exact mechanical name normalization only.
IPC,IPC_Attempt to Acid Attack,ATTEMPT_TO_ACID_ATTACK,ATTEMPT_TO_ACID_ATTACK,EXACT_NORMALIZED_MATCH,Canonicalized by exact mechanical name normalization only.
IPC,IPC_Attempt to commit Culpable Homicide,ATTEMPT_TO_COMMIT_CULPABLE_HOMICIDE,ATTEMPT_TO_COMMIT_CULPABLE_HOMICIDE,EXACT_NORMALIZED_MATCH,Canonicalized by exact mechanical name normalization only.
IPC,IPC_Attempt to commit Murder,ATTEMPT_TO_COMMIT_MURDER,ATTEMPT_TO_COMMIT_MURDER,EXACT_NORMALIZED_MATCH,Canonicalized by exact mechanical name normalization only.
IPC,IPC_Attempt to commit Rape,ATTEMPT_TO_COMMIT_RAPE,ATTEMPT_TO_COMMIT_RAPE,EXACT_NORMALIZED_MATCH,Canonicalized by exact mechanical name normalization only.
IPC,IPC_ATTEMPT TO MURDER,ATTEMPT_TO_MURDER,ATTEMPT_TO_MURDER,EXACT_NORMALIZED_MATCH,Canonicalized by exact mechanical name normalization only.
IPC,IPC_At Office premises,AT_OFFICE_PREMISES,AT_OFFICE_PREMISES,EXACT_NORMALIZED_MATCH,Canonicalized by exact mechanical name normalization only.
IPC,IPC_AUTO THEFT,AUTO_THEFT,AUTO_THEFT,EXACT_NORMALIZED_MATCH,Canonicalized by exact mechanical name normalization only.
IPC,IPC_Auto Theft,AUTO_THEFT,AUTO_THEFT,EXACT_NORMALIZED_MATCH,Canonicalized by exact mechanical name normalization only.
IPC,IPC_BURGLARY,BURGLARY,BURGLARY,EXACT_NORMALIZED_MATCH,Canonicalized by exact mechanical name normalization only.
IPC,IPC_CAUSING DEATH BY NEGLIGENCE,CAUSING_DEATH_BY_NEGLIGENCE,CAUSING_DEATH_BY_NEGLIGENCE,EXACT_NORMALIZED_MATCH,Canonicalized by exact mechanical name normalization only.
IPC,IPC_Causing Death by Negligence,CAUSING_DEATH_BY_NEGLIGENCE,CAUSING_DEATH_BY_NEGLIGENCE,EXACT_NORMALIZED_MATCH,Canonicalized by exact mechanical name normalization only.
IPC,IPC_CHEATING,CHEATING,CHEATING,EXACT_NORMALIZED_MATCH,Canonicalized by exact mechanical name normalization only.
IPC,IPC_Cheating,CHEATING,CHEATING,EXACT_NORMALIZED_MATCH,Canonicalized by exact mechanical name normalization only.
IPC,IPC_Counterfeiting,COUNTERFEITING,COUNTERFEITING,EXACT_NORMALIZED_MATCH,Canonicalized by exact mechanical name normalization only.
IPC,IPC_Counterfeiting currency notes/Bank notes,COUNTERFEITING_CURRENCY_NOTES_BANK_NOTES,COUNTERFEITING_CURRENCY_NOTES_BANK_NOTES,EXACT_NORMALIZED_MATCH,Canonicalized by exact mechanical name normalization only.
IPC,IPC_Counterfeiting Government Stamp,COUNTERFEITING_GOVERNMENT_STAMP,COUNTERFEITING_GOVERNMENT_STAMP,EXACT_NORMALIZED_MATCH,Canonicalized by exact mechanical name normalization only.
IPC,IPC_Counterfeit currency & Bank notes,COUNTERFEIT_CURRENCY_BANK_NOTES,COUNTERFEIT_CURRENCY_BANK_NOTES,EXACT_NORMALIZED_MATCH,Canonicalized by exact mechanical name normalization only.
IPC,IPC_Counterfeit Offences related to Counterfeit Coin,COUNTERFEIT_OFFENCES_RELATED_TO_COUNTERFEIT_COIN,COUNTERFEIT_OFFENCES_RELATED_TO_COUNTERFEIT_COIN,EXACT_NORMALIZED_MATCH,Canonicalized by exact mechanical name normalization only.
IPC,IPC_COUNTERFIETING,COUNTERFIETING,COUNTERFIETING,EXACT_NORMALIZED_MATCH,Canonicalized by exact mechanical name normalization only.
IPC,IPC_CRIMINAL BREACH OF TRUST,CRIMINAL_BREACH_OF_TRUST,CRIMINAL_BREACH_OF_TRUST,EXACT_NORMALIZED_MATCH,Canonicalized by exact mechanical name normalization only.
IPC,IPC_Criminal Breach of Trust,CRIMINAL_BREACH_OF_TRUST,CRIMINAL_BREACH_OF_TRUST,EXACT_NORMALIZED_MATCH,Canonicalized by exact mechanical name normalization only.
IPC,IPC_Criminal Trespass/Burglary,CRIMINAL_TRESPASS_BURGLARY,CRIMINAL_TRESPASS_BURGLARY,EXACT_NORMALIZED_MATCH,Canonicalized by exact mechanical name normalization only.
IPC,IPC_Criminal Trespass or Burglary,CRIMINAL_TRESPASS_OR_BURGLARY,CRIMINAL_TRESPASS_OR_BURGLARY,EXACT_NORMALIZED_MATCH,Canonicalized by exact mechanical name normalization only.
IPC,IPC_CRUELTY BY HUSBAND OR HIS RELATIVES,CRUELTY_BY_HUSBAND_OR_HIS_RELATIVES,CRUELTY_BY_HUSBAND_OR_HIS_RELATIVES,EXACT_NORMALIZED_MATCH,Canonicalized by exact mechanical name normalization only.
IPC,IPC_Cruelty by Husband or his Relatives,CRUELTY_BY_HUSBAND_OR_HIS_RELATIVES,CRUELTY_BY_HUSBAND_OR_HIS_RELATIVES,EXACT_NORMALIZED_MATCH,Canonicalized by exact mechanical name normalization only.
IPC,IPC_CULPABLE HOMICIDE NOT AMOUNTING TO MURDER,CULPABLE_HOMICIDE_NOT_AMOUNTING_TO_MURDER,CULPABLE_HOMICIDE_NOT_AMOUNTING_TO_MURDER,EXACT_NORMALIZED_MATCH,Canonicalized by exact mechanical name normalization only.
IPC,IPC_Culpable Homicide not amounting to Murder,CULPABLE_HOMICIDE_NOT_AMOUNTING_TO_MURDER,CULPABLE_HOMICIDE_NOT_AMOUNTING_TO_MURDER,EXACT_NORMALIZED_MATCH,Canonicalized by exact mechanical name normalization only.
IPC,IPC_Custodial_Gang Rape,CUSTODIAL_GANG_RAPE,CUSTODIAL_GANG_RAPE,EXACT_NORMALIZED_MATCH,Canonicalized by exact mechanical name normalization only.
IPC,IPC_Custodial_Other Rape,CUSTODIAL_OTHER_RAPE,CUSTODIAL_OTHER_RAPE,EXACT_NORMALIZED_MATCH,Canonicalized by exact mechanical name normalization only.
IPC,IPC_CUSTODIAL RAPE,CUSTODIAL_RAPE,CUSTODIAL_RAPE,EXACT_NORMALIZED_MATCH,Canonicalized by exact mechanical name normalization only.
IPC,IPC_Custodial Rape,CUSTODIAL_RAPE,CUSTODIAL_RAPE,EXACT_NORMALIZED_MATCH,Canonicalized by exact mechanical name normalization only.
IPC,IPC_DACOITY,DACOITY,DACOITY,EXACT_NORMALIZED_MATCH,Canonicalized by exact mechanical name normalization only.
IPC,IPC_Dacoity,DACOITY,DACOITY,EXACT_NORMALIZED_MATCH,Canonicalized by exact mechanical name normalization only.
IPC,IPC_Dacoity with Murder,DACOITY_WITH_MURDER,DACOITY_WITH_MURDER,EXACT_NORMALIZED_MATCH,Canonicalized by exact mechanical name normalization only.
IPC,IPC_Deaths due to negligent driving/act,DEATHS_DUE_TO_NEGLIGENT_DRIVING_ACT,DEATHS_DUE_TO_NEGLIGENT_DRIVING_ACT,EXACT_NORMALIZED_MATCH,Canonicalized by exact mechanical name normalization only.
IPC,IPC_Deaths due to Other Causes,DEATHS_DUE_TO_OTHER_CAUSES,DEATHS_DUE_TO_OTHER_CAUSES,EXACT_NORMALIZED_MATCH,Canonicalized by exact mechanical name normalization only.
IPC,IPC_Disclosure of Identity of Victims,DISCLOSURE_OF_IDENTITY_OF_VICTIMS,DISCLOSURE_OF_IDENTITY_OF_VICTIMS,EXACT_NORMALIZED_MATCH,Canonicalized by exact mechanical name normalization only.
IPC,IPC_DOWRY DEATHS,DOWRY_DEATHS,DOWRY_DEATHS,EXACT_NORMALIZED_MATCH,Canonicalized by exact mechanical name normalization only.
IPC,IPC_Dowry Deaths,DOWRY_DEATHS,DOWRY_DEATHS,EXACT_NORMALIZED_MATCH,Canonicalized by exact mechanical name normalization only.
IPC,IPC_Extortion,EXTORTION,EXTORTION,EXACT_NORMALIZED_MATCH,Canonicalized by exact mechanical name normalization only.
IPC,IPC_Forgery,FORGERY,FORGERY,EXACT_NORMALIZED_MATCH,Canonicalized by exact mechanical name normalization only.
IPC,IPC_Grievous Hurt,GRIEVOUS_HURT,GRIEVOUS_HURT,EXACT_NORMALIZED_MATCH,Canonicalized by exact mechanical name normalization only.
IPC,IPC_House Trespass & House Breaking,HOUSE_TRESPASS_HOUSE_BREAKING,HOUSE_TRESPASS_HOUSE_BREAKING,EXACT_NORMALIZED_MATCH,Canonicalized by exact mechanical name normalization only.
IPC,IPC_HumanTrafficking,HUMANTRAFFICKING,HUMANTRAFFICKING,EXACT_NORMALIZED_MATCH,Canonicalized by exact mechanical name normalization only.
IPC,IPC_Hurt,HURT,HURT,EXACT_NORMALIZED_MATCH,Canonicalized by exact mechanical name normalization only.
IPC,IPC_HURT/GREVIOUS HURT,HURT_GREVIOUS_HURT,HURT_GREVIOUS_HURT,EXACT_NORMALIZED_MATCH,Canonicalized by exact mechanical name normalization only.
IPC,IPC_IMPORTATION OF GIRLS FROM FOREIGN COUNTRIES,IMPORTATION_OF_GIRLS_FROM_FOREIGN_COUNTRIES,IMPORTATION_OF_GIRLS_FROM_FOREIGN_COUNTRIES,EXACT_NORMALIZED_MATCH,Canonicalized by exact mechanical name normalization only.
IPC,IPC_Importation of Girls from Foreign Country,IMPORTATION_OF_GIRLS_FROM_FOREIGN_COUNTRY,IMPORTATION_OF_GIRLS_FROM_FOREIGN_COUNTRY,EXACT_NORMALIZED_MATCH,Canonicalized by exact mechanical name normalization only.
IPC,"IPC_Imputation, assertions prejudicial to national integration",IMPUTATION_ASSERTIONS_PREJUDICIAL_TO_NATIONAL_INTEGRATION,IMPUTATION_ASSERTIONS_PREJUDICIAL_TO_NATIONAL_INTEGRATION,EXACT_NORMALIZED_MATCH,Canonicalized by exact mechanical name normalization only.
IPC,IPC_Incidence of Rash Driving,INCIDENCE_OF_RASH_DRIVING,INCIDENCE_OF_RASH_DRIVING,EXACT_NORMALIZED_MATCH,Canonicalized by exact mechanical name normalization only.
IPC,IPC_INSULT TO MODESTY OF WOMEN,INSULT_TO_MODESTY_OF_WOMEN,INSULT_TO_MODESTY_OF_WOMEN,EXACT_NORMALIZED_MATCH,Canonicalized by exact mechanical name normalization only.
IPC,IPC_Insult to the Modesty of Women,INSULT_TO_THE_MODESTY_OF_WOMEN,INSULT_TO_THE_MODESTY_OF_WOMEN,EXACT_NORMALIZED_MATCH,Canonicalized by exact mechanical name normalization only.
IPC,IPC_In Public Transport system,IN_PUBLIC_TRANSPORT_SYSTEM,IN_PUBLIC_TRANSPORT_SYSTEM,EXACT_NORMALIZED_MATCH,Canonicalized by exact mechanical name normalization only.
IPC,IPC_KIDNAPPING & ABDUCTION,KIDNAPPING_ABDUCTION,KIDNAPPING_ABDUCTION,EXACT_NORMALIZED_MATCH,Canonicalized by exact mechanical name normalization only.
IPC,IPC_Kidnapping & Abduction,KIDNAPPING_ABDUCTION,KIDNAPPING_ABDUCTION,EXACT_NORMALIZED_MATCH,Canonicalized by exact mechanical name normalization only.
IPC,IPC_Kidnapping & Abduction in order to Murder,KIDNAPPING_ABDUCTION_IN_ORDER_TO_MURDER,KIDNAPPING_ABDUCTION_IN_ORDER_TO_MURDER,EXACT_NORMALIZED_MATCH,Canonicalized by exact mechanical name normalization only.
IPC,IPC_Kidnapping & Abduction of Women to compel her for marriage,KIDNAPPING_ABDUCTION_OF_WOMEN_TO_COMPEL_HER_FOR_MARRIAGE,KIDNAPPING_ABDUCTION_OF_WOMEN_TO_COMPEL_HER_FOR_MARRIAGE,EXACT_NORMALIZED_MATCH,Canonicalized by exact mechanical name normalization only.
IPC,IPC_Kidnapping & Abduction_Total,KIDNAPPING_ABDUCTION_TOTAL,KIDNAPPING_ABDUCTION_TOTAL,EXACT_NORMALIZED_MATCH,Canonicalized by exact mechanical name normalization only.
IPC,IPC_KIDNAPPING AND ABDUCTION OF OTHERS,KIDNAPPING_AND_ABDUCTION_OF_OTHERS,KIDNAPPING_AND_ABDUCTION_OF_OTHERS,EXACT_NORMALIZED_MATCH,Canonicalized by exact mechanical name normalization only.
IPC,IPC_KIDNAPPING AND ABDUCTION OF WOMEN AND GIRLS,KIDNAPPING_AND_ABDUCTION_OF_WOMEN_AND_GIRLS,KIDNAPPING_AND_ABDUCTION_OF_WOMEN_AND_GIRLS,EXACT_NORMALIZED_MATCH,Canonicalized by exact mechanical name normalization only.
IPC,IPC_Kidnapping for Ransom,KIDNAPPING_FOR_RANSOM,KIDNAPPING_FOR_RANSOM,EXACT_NORMALIZED_MATCH,Canonicalized by exact mechanical name normalization only.
IPC,IPC_Making or Possessing materials for forged currency/Bank notes,MAKING_OR_POSSESSING_MATERIALS_FOR_FORGED_CURRENCY_BANK_NOTES,MAKING_OR_POSSESSING_MATERIALS_FOR_FORGED_CURRENCY_BANK_NOTES,EXACT_NORMALIZED_MATCH,Canonicalized by exact mechanical name normalization only.
IPC,IPC_Making or Using documents resembling currency,MAKING_OR_USING_DOCUMENTS_RESEMBLING_CURRENCY,MAKING_OR_USING_DOCUMENTS_RESEMBLING_CURRENCY,EXACT_NORMALIZED_MATCH,Canonicalized by exact mechanical name normalization only.
IPC,IPC_Making Preparation and Assembly for committing Dacoity,MAKING_PREPARATION_AND_ASSEMBLY_FOR_COMMITTING_DACOITY,MAKING_PREPARATION_AND_ASSEMBLY_FOR_COMMITTING_DACOITY,EXACT_NORMALIZED_MATCH,Canonicalized by exact mechanical name normalization only.
IPC,IPC_MURDER,MURDER,MURDER,EXACT_NORMALIZED_MATCH,Canonicalized by exact mechanical name normalization only.
IPC,IPC_Murder,MURDER,MURDER,EXACT_NORMALIZED_MATCH,Canonicalized by exact mechanical name normalization only.
IPC,IPC_Offences against State,OFFENCES_AGAINST_STATE,OFFENCES_AGAINST_STATE,EXACT_NORMALIZED_MATCH,Canonicalized by exact mechanical name normalization only.
IPC,IPC_Offences promoting enmity between different groups,OFFENCES_PROMOTING_ENMITY_BETWEEN_DIFFERENT_GROUPS,OFFENCES_PROMOTING_ENMITY_BETWEEN_DIFFERENT_GROUPS,EXACT_NORMALIZED_MATCH,Canonicalized by exact mechanical name normalization only.
IPC,IPC_Other Assault on Women,OTHER_ASSAULT_ON_WOMEN,OTHER_ASSAULT_ON_WOMEN,EXACT_NORMALIZED_MATCH,Canonicalized by exact mechanical name normalization only.
IPC,IPC_Other Dacoity,OTHER_DACOITY,OTHER_DACOITY,EXACT_NORMALIZED_MATCH,Canonicalized by exact mechanical name normalization only.
IPC,IPC_OTHER IPC CRIMES,OTHER_IPC_CRIMES,OTHER_IPC_CRIMES,EXACT_NORMALIZED_MATCH,Canonicalized by exact mechanical name normalization only.
IPC,IPC_Other IPC crimes,OTHER_IPC_CRIMES,OTHER_IPC_CRIMES,EXACT_NORMALIZED_MATCH,Canonicalized by exact mechanical name normalization only.
IPC,IPC_Other Kidnapping,OTHER_KIDNAPPING,OTHER_KIDNAPPING,EXACT_NORMALIZED_MATCH,Canonicalized by exact mechanical name normalization only.
IPC,IPC_Other offences against State,OTHER_OFFENCES_AGAINST_STATE,OTHER_OFFENCES_AGAINST_STATE,EXACT_NORMALIZED_MATCH,Canonicalized by exact mechanical name normalization only.
IPC,IPC_Other places related to work,OTHER_PLACES_RELATED_TO_WORK,OTHER_PLACES_RELATED_TO_WORK,EXACT_NORMALIZED_MATCH,Canonicalized by exact mechanical name normalization only.
IPC,IPC_OTHER RAPE,OTHER_RAPE,OTHER_RAPE,EXACT_NORMALIZED_MATCH,Canonicalized by exact mechanical name normalization only.
IPC,IPC_OTHER THEFT,OTHER_THEFT,OTHER_THEFT,EXACT_NORMALIZED_MATCH,Canonicalized by exact mechanical name normalization only.
IPC,IPC_Other Thefts,OTHER_THEFTS,OTHER_THEFTS,EXACT_NORMALIZED_MATCH,Canonicalized by exact mechanical name normalization only.
IPC,"IPC_Places other than 231, 232 & 233",PLACES_OTHER_THAN_231_232_233,PLACES_OTHER_THAN_231_232_233,EXACT_NORMALIZED_MATCH,Canonicalized by exact mechanical name normalization only.
IPC,IPC_Possession of forged or counterfeiting currency/Bank notes,POSSESSION_OF_FORGED_OR_COUNTERFEITING_CURRENCY_BANK_NOTES,POSSESSION_OF_FORGED_OR_COUNTERFEITING_CURRENCY_BANK_NOTES,EXACT_NORMALIZED_MATCH,Canonicalized by exact mechanical name normalization only.
IPC,IPC_PREPARATION AND ASSEMBLY FOR DACOITY,PREPARATION_AND_ASSEMBLY_FOR_DACOITY,PREPARATION_AND_ASSEMBLY_FOR_DACOITY,EXACT_NORMALIZED_MATCH,Canonicalized by exact mechanical name normalization only.
IPC,IPC_Promoting enmity between different groups,PROMOTING_ENMITY_BETWEEN_DIFFERENT_GROUPS,PROMOTING_ENMITY_BETWEEN_DIFFERENT_GROUPS,EXACT_NORMALIZED_MATCH,Canonicalized by exact mechanical name normalization only.
IPC,IPC_RAPE,RAPE,RAPE,EXACT_NORMALIZED_MATCH,Canonicalized by exact mechanical name normalization only.
IPC,IPC_Rape,RAPE,RAPE,EXACT_NORMALIZED_MATCH,Canonicalized by exact mechanical name normalization only.
IPC,IPC_Rape_Gang Rape,RAPE_GANG_RAPE,RAPE_GANG_RAPE,EXACT_NORMALIZED_MATCH,Canonicalized by exact mechanical name normalization only.
IPC,IPC_Rape_Others,RAPE_OTHERS,RAPE_OTHERS,EXACT_NORMALIZED_MATCH,Canonicalized by exact mechanical name normalization only.
IPC,IPC_Rape other than Custodial,RAPE_OTHER_THAN_CUSTODIAL,RAPE_OTHER_THAN_CUSTODIAL,EXACT_NORMALIZED_MATCH,Canonicalized by exact mechanical name normalization only.
IPC,IPC_RIOTS,RIOTS,RIOTS,EXACT_NORMALIZED_MATCH,Canonicalized by exact mechanical name normalization only.
IPC,IPC_Riots,RIOTS,RIOTS,EXACT_NORMALIZED_MATCH,Canonicalized by exact mechanical name normalization only.
IPC,IPC_Riots_Agrarian,RIOTS_AGRARIAN,RIOTS_AGRARIAN,EXACT_NORMALIZED_MATCH,Canonicalized by exact mechanical name normalization only.
IPC,IPC_Riots_Caste Conflict,RIOTS_CASTE_CONFLICT,RIOTS_CASTE_CONFLICT,EXACT_NORMALIZED_MATCH,Canonicalized by exact mechanical name normalization only.
IPC,IPC_Riots_Communal,RIOTS_COMMUNAL,RIOTS_COMMUNAL,EXACT_NORMALIZED_MATCH,Canonicalized by exact mechanical name normalization only.
IPC,IPC_Riots_Industrial,RIOTS_INDUSTRIAL,RIOTS_INDUSTRIAL,EXACT_NORMALIZED_MATCH,Canonicalized by exact mechanical name normalization only.
IPC,IPC_Riots_Others,RIOTS_OTHERS,RIOTS_OTHERS,EXACT_NORMALIZED_MATCH,Canonicalized by exact mechanical name normalization only.
IPC,IPC_Riots_Other Caste Conflict,RIOTS_OTHER_CASTE_CONFLICT,RIOTS_OTHER_CASTE_CONFLICT,EXACT_NORMALIZED_MATCH,Canonicalized by exact mechanical name normalization only.
IPC,IPC_Riots_Political,RIOTS_POLITICAL,RIOTS_POLITICAL,EXACT_NORMALIZED_MATCH,Canonicalized by exact mechanical name normalization only.
IPC,IPC_Riots_SC/STs Vs Non-SCs/STs,RIOTS_SC_STS_VS_NON_SCS_STS,RIOTS_SC_STS_VS_NON_SCS_STS,EXACT_NORMALIZED_MATCH,Canonicalized by exact mechanical name normalization only.
IPC,IPC_Riots_Sectarian,RIOTS_SECTARIAN,RIOTS_SECTARIAN,EXACT_NORMALIZED_MATCH,Canonicalized by exact mechanical name normalization only.
IPC,IPC_Riots_Students,RIOTS_STUDENTS,RIOTS_STUDENTS,EXACT_NORMALIZED_MATCH,Canonicalized by exact mechanical name normalization only.
IPC,IPC_ROBBERY,ROBBERY,ROBBERY,EXACT_NORMALIZED_MATCH,Canonicalized by exact mechanical name normalization only.
IPC,IPC_Robbery,ROBBERY,ROBBERY,EXACT_NORMALIZED_MATCH,Canonicalized by exact mechanical name normalization only.
IPC,IPC_Sedition,SEDITION,SEDITION,EXACT_NORMALIZED_MATCH,Canonicalized by exact mechanical name normalization only.
IPC,IPC_Sexual Harassment,SEXUAL_HARASSMENT,SEXUAL_HARASSMENT,EXACT_NORMALIZED_MATCH,Canonicalized by exact mechanical name normalization only.
IPC,IPC_Stalking,STALKING,STALKING,EXACT_NORMALIZED_MATCH,Canonicalized by exact mechanical name normalization only.
IPC,IPC_THEFT,THEFT,THEFT,EXACT_NORMALIZED_MATCH,Canonicalized by exact mechanical name normalization only.
IPC,IPC_Theft,THEFT,THEFT,EXACT_NORMALIZED_MATCH,Canonicalized by exact mechanical name normalization only.
IPC,IPC_Total Cognizable IPC crimes,TOTAL_COGNIZABLE_IPC_CRIMES,TOTAL_COGNIZABLE_IPC_CRIMES,EXACT_NORMALIZED_MATCH,Canonicalized by exact mechanical name normalization only.
IPC,IPC_TOTAL IPC CRIMES,TOTAL_IPC_CRIMES,TOTAL_IPC_CRIMES,EXACT_NORMALIZED_MATCH,Canonicalized by exact mechanical name normalization only.
IPC,IPC_Unlawful Assembly,UNLAWFUL_ASSEMBLY,UNLAWFUL_ASSEMBLY,EXACT_NORMALIZED_MATCH,Canonicalized by exact mechanical name normalization only.
IPC,IPC_Unnatural Offence,UNNATURAL_OFFENCE,UNNATURAL_OFFENCE,EXACT_NORMALIZED_MATCH,Canonicalized by exact mechanical name normalization only.
IPC,IPC_Using forged or counterfeiting currency/Bank notes,USING_FORGED_OR_COUNTERFEITING_CURRENCY_BANK_NOTES,USING_FORGED_OR_COUNTERFEITING_CURRENCY_BANK_NOTES,EXACT_NORMALIZED_MATCH,Canonicalized by exact mechanical name normalization only.
IPC,IPC_Voyeurism,VOYEURISM,VOYEURISM,EXACT_NORMALIZED_MATCH,Canonicalized by exact mechanical name normalization only.
SC,SC_Arson,ARSON,ARSON,EXACT_NORMALIZED_MATCH,Canonicalized by exact mechanical name normalization only.
SC,SC_Dacoity,DACOITY,DACOITY,EXACT_NORMALIZED_MATCH,Canonicalized by exact mechanical name normalization only.
SC,SC_Hurt,HURT,HURT,EXACT_NORMALIZED_MATCH,Canonicalized by exact mechanical name normalization only.
SC,SC_IPC_Acid attack,IPC_ACID_ATTACK,IPC_ACID_ATTACK,EXACT_NORMALIZED_MATCH,Canonicalized by exact mechanical name normalization only.
SC,SC_IPC_Arson,IPC_ARSON,IPC_ARSON,EXACT_NORMALIZED_MATCH,Canonicalized by exact mechanical name normalization only.
SC,SC_IPC_Assault on women with intent to Disrobe,IPC_ASSAULT_ON_WOMEN_WITH_INTENT_TO_DISROBE,IPC_ASSAULT_ON_WOMEN_WITH_INTENT_TO_DISROBE,EXACT_NORMALIZED_MATCH,Canonicalized by exact mechanical name normalization only.
SC,SC_IPC_Assault on women with intent to outrage her Modesty,IPC_ASSAULT_ON_WOMEN_WITH_INTENT_TO_OUTRAGE_HER_MODESTY,IPC_ASSAULT_ON_WOMEN_WITH_INTENT_TO_OUTRAGE_HER_MODESTY,EXACT_NORMALIZED_MATCH,Canonicalized by exact mechanical name normalization only.
SC,SC_IPC_Attempt to Acid Attack,IPC_ATTEMPT_TO_ACID_ATTACK,IPC_ATTEMPT_TO_ACID_ATTACK,EXACT_NORMALIZED_MATCH,Canonicalized by exact mechanical name normalization only.
SC,SC_IPC_Attempt to commit Murder,IPC_ATTEMPT_TO_COMMIT_MURDER,IPC_ATTEMPT_TO_COMMIT_MURDER,EXACT_NORMALIZED_MATCH,Canonicalized by exact mechanical name normalization only.
SC,SC_IPC_Attempt to commit Rape,IPC_ATTEMPT_TO_COMMIT_RAPE,IPC_ATTEMPT_TO_COMMIT_RAPE,EXACT_NORMALIZED_MATCH,Canonicalized by exact mechanical name normalization only.
SC,SC_IPC_Dacoity,IPC_DACOITY,IPC_DACOITY,EXACT_NORMALIZED_MATCH,Canonicalized by exact mechanical name normalization only.
SC,SC_IPC_Dacoity with Murder,IPC_DACOITY_WITH_MURDER,IPC_DACOITY_WITH_MURDER,EXACT_NORMALIZED_MATCH,Canonicalized by exact mechanical name normalization only.
SC,SC_IPC_Grievous Hurt,IPC_GRIEVOUS_HURT,IPC_GRIEVOUS_HURT,EXACT_NORMALIZED_MATCH,Canonicalized by exact mechanical name normalization only.
SC,SC_IPC_Hurt,IPC_HURT,IPC_HURT,EXACT_NORMALIZED_MATCH,Canonicalized by exact mechanical name normalization only.
SC,SC_IPC_Insult to the Modesty of women,IPC_INSULT_TO_THE_MODESTY_OF_WOMEN,IPC_INSULT_TO_THE_MODESTY_OF_WOMEN,EXACT_NORMALIZED_MATCH,Canonicalized by exact mechanical name normalization only.
SC,SC_IPC_Kidnaping & Abduction,IPC_KIDNAPING_ABDUCTION,IPC_KIDNAPING_ABDUCTION,EXACT_NORMALIZED_MATCH,Canonicalized by exact mechanical name normalization only.
SC,SC_IPC_Kidnaping & Abduction in order to Murder,IPC_KIDNAPING_ABDUCTION_IN_ORDER_TO_MURDER,IPC_KIDNAPING_ABDUCTION_IN_ORDER_TO_MURDER,EXACT_NORMALIZED_MATCH,Canonicalized by exact mechanical name normalization only.
SC,SC_IPC_Kidnapping & Abduction,IPC_KIDNAPPING_ABDUCTION,IPC_KIDNAPPING_ABDUCTION,EXACT_NORMALIZED_MATCH,Canonicalized by exact mechanical name normalization only.
SC,SC_IPC_Kidnapping & Abduction of Women to compel her for marriage,IPC_KIDNAPPING_ABDUCTION_OF_WOMEN_TO_COMPEL_HER_FOR_MARRIAGE,IPC_KIDNAPPING_ABDUCTION_OF_WOMEN_TO_COMPEL_HER_FOR_MARRIAGE,EXACT_NORMALIZED_MATCH,Canonicalized by exact mechanical name normalization only.
SC,SC_IPC_Kidnapping for Ransom,IPC_KIDNAPPING_FOR_RANSOM,IPC_KIDNAPPING_FOR_RANSOM,EXACT_NORMALIZED_MATCH,Canonicalized by exact mechanical name normalization only.
SC,SC_IPC_Murder,IPC_MURDER,IPC_MURDER,EXACT_NORMALIZED_MATCH,Canonicalized by exact mechanical name normalization only.
SC,SC_IPC_Other Dacoity,IPC_OTHER_DACOITY,IPC_OTHER_DACOITY,EXACT_NORMALIZED_MATCH,Canonicalized by exact mechanical name normalization only.
SC,SC_IPC_Other IPC crimes,IPC_OTHER_IPC_CRIMES,IPC_OTHER_IPC_CRIMES,EXACT_NORMALIZED_MATCH,Canonicalized by exact mechanical name normalization only.
SC,SC_IPC_Other Kidnapping,IPC_OTHER_KIDNAPPING,IPC_OTHER_KIDNAPPING,EXACT_NORMALIZED_MATCH,Canonicalized by exact mechanical name normalization only.
SC,SC_IPC_Other Sexual Harassment,IPC_OTHER_SEXUAL_HARASSMENT,IPC_OTHER_SEXUAL_HARASSMENT,EXACT_NORMALIZED_MATCH,Canonicalized by exact mechanical name normalization only.
SC,SC_IPC_Rape,IPC_RAPE,IPC_RAPE,EXACT_NORMALIZED_MATCH,Canonicalized by exact mechanical name normalization only.
SC,SC_IPC_Riots,IPC_RIOTS,IPC_RIOTS,EXACT_NORMALIZED_MATCH,Canonicalized by exact mechanical name normalization only.
SC,SC_IPC_Robbery,IPC_ROBBERY,IPC_ROBBERY,EXACT_NORMALIZED_MATCH,Canonicalized by exact mechanical name normalization only.
SC,SC_IPC_Sexual Harassment,IPC_SEXUAL_HARASSMENT,IPC_SEXUAL_HARASSMENT,EXACT_NORMALIZED_MATCH,Canonicalized by exact mechanical name normalization only.
SC,SC_IPC_Stalking,IPC_STALKING,IPC_STALKING,EXACT_NORMALIZED_MATCH,Canonicalized by exact mechanical name normalization only.
SC,SC_IPC_Voyeurism,IPC_VOYEURISM,IPC_VOYEURISM,EXACT_NORMALIZED_MATCH,Canonicalized by exact mechanical name normalization only.
SC,SC_Kidnapping and Abduction,KIDNAPPING_AND_ABDUCTION,KIDNAPPING_AND_ABDUCTION,EXACT_NORMALIZED_MATCH,Canonicalized by exact mechanical name normalization only.
SC,"SC_Manual Scavengers and Construction of Dry Latrines (P) Act, 1993",MANUAL_SCAVENGERS_AND_CONSTRUCTION_OF_DRY_LATRINES_P_ACT_1993,MANUAL_SCAVENGERS_AND_CONSTRUCTION_OF_DRY_LATRINES_P_ACT_1993,EXACT_NORMALIZED_MATCH,Canonicalized by exact mechanical name normalization only.
SC,SC_Murder,MURDER,MURDER,EXACT_NORMALIZED_MATCH,Canonicalized by exact mechanical name normalization only.
SC,SC_Other Crimes Against SCs,OTHER_CRIMES_AGAINST_SCS,OTHER_CRIMES_AGAINST_SCS,EXACT_NORMALIZED_MATCH,Canonicalized by exact mechanical name normalization only.
SC,SC_Other SLL Crime against SCs,OTHER_SLL_CRIME_AGAINST_SCS,OTHER_SLL_CRIME_AGAINST_SCS,EXACT_NORMALIZED_MATCH,Canonicalized by exact mechanical name normalization only.
SC,SC_POA_Acid attack,POA_ACID_ATTACK,POA_ACID_ATTACK,EXACT_NORMALIZED_MATCH,Canonicalized by exact mechanical name normalization only.
SC,SC_POA_Arson,POA_ARSON,POA_ARSON,EXACT_NORMALIZED_MATCH,Canonicalized by exact mechanical name normalization only.
SC,SC_POA_Assault on women with intent to Disrobe,POA_ASSAULT_ON_WOMEN_WITH_INTENT_TO_DISROBE,POA_ASSAULT_ON_WOMEN_WITH_INTENT_TO_DISROBE,EXACT_NORMALIZED_MATCH,Canonicalized by exact mechanical name normalization only.
SC,SC_POA_Assault on women with intent to outrage her Modesty,POA_ASSAULT_ON_WOMEN_WITH_INTENT_TO_OUTRAGE_HER_MODESTY,POA_ASSAULT_ON_WOMEN_WITH_INTENT_TO_OUTRAGE_HER_MODESTY,EXACT_NORMALIZED_MATCH,Canonicalized by exact mechanical name normalization only.
SC,SC_POA_Attempt to Acid Attack,POA_ATTEMPT_TO_ACID_ATTACK,POA_ATTEMPT_TO_ACID_ATTACK,EXACT_NORMALIZED_MATCH,Canonicalized by exact mechanical name normalization only.
SC,SC_POA_Attempt to commit Murder,POA_ATTEMPT_TO_COMMIT_MURDER,POA_ATTEMPT_TO_COMMIT_MURDER,EXACT_NORMALIZED_MATCH,Canonicalized by exact mechanical name normalization only.
SC,SC_POA_Attempt to commit Rape,POA_ATTEMPT_TO_COMMIT_RAPE,POA_ATTEMPT_TO_COMMIT_RAPE,EXACT_NORMALIZED_MATCH,Canonicalized by exact mechanical name normalization only.
SC,SC_POA_Dacoity,POA_DACOITY,POA_DACOITY,EXACT_NORMALIZED_MATCH,Canonicalized by exact mechanical name normalization only.
SC,SC_POA_Dacoity with Murder,POA_DACOITY_WITH_MURDER,POA_DACOITY_WITH_MURDER,EXACT_NORMALIZED_MATCH,Canonicalized by exact mechanical name normalization only.
SC,SC_POA_Grievous Hurt,POA_GRIEVOUS_HURT,POA_GRIEVOUS_HURT,EXACT_NORMALIZED_MATCH,Canonicalized by exact mechanical name normalization only.
SC,SC_POA_Hurt,POA_HURT,POA_HURT,EXACT_NORMALIZED_MATCH,Canonicalized by exact mechanical name normalization only.
SC,SC_POA_Insult to the Modesty of women,POA_INSULT_TO_THE_MODESTY_OF_WOMEN,POA_INSULT_TO_THE_MODESTY_OF_WOMEN,EXACT_NORMALIZED_MATCH,Canonicalized by exact mechanical name normalization only.
SC,SC_POA_Kidnaping & Abduction in order to Murder,POA_KIDNAPING_ABDUCTION_IN_ORDER_TO_MURDER,POA_KIDNAPING_ABDUCTION_IN_ORDER_TO_MURDER,EXACT_NORMALIZED_MATCH,Canonicalized by exact mechanical name normalization only.
SC,SC_POA_Kidnaping & Abduction_Total,POA_KIDNAPING_ABDUCTION_TOTAL,POA_KIDNAPING_ABDUCTION_TOTAL,EXACT_NORMALIZED_MATCH,Canonicalized by exact mechanical name normalization only.
SC,SC_POA_Kidnapping & Abduction_GrandTotal,POA_KIDNAPPING_ABDUCTION_GRANDTOTAL,POA_KIDNAPPING_ABDUCTION_GRANDTOTAL,EXACT_NORMALIZED_MATCH,Canonicalized by exact mechanical name normalization only.
SC,SC_POA_Kidnapping & Abduction of Women to compel her for marriage,POA_KIDNAPPING_ABDUCTION_OF_WOMEN_TO_COMPEL_HER_FOR_MARRIAGE,POA_KIDNAPPING_ABDUCTION_OF_WOMEN_TO_COMPEL_HER_FOR_MARRIAGE,EXACT_NORMALIZED_MATCH,Canonicalized by exact mechanical name normalization only.
SC,SC_POA_Kidnapping for Ransom,POA_KIDNAPPING_FOR_RANSOM,POA_KIDNAPPING_FOR_RANSOM,EXACT_NORMALIZED_MATCH,Canonicalized by exact mechanical name normalization only.
SC,SC_POA_Murder,POA_MURDER,POA_MURDER,EXACT_NORMALIZED_MATCH,Canonicalized by exact mechanical name normalization only.
SC,SC_POA_Other Dacoity,POA_OTHER_DACOITY,POA_OTHER_DACOITY,EXACT_NORMALIZED_MATCH,Canonicalized by exact mechanical name normalization only.
SC,SC_POA_Other IPC crimes,POA_OTHER_IPC_CRIMES,POA_OTHER_IPC_CRIMES,EXACT_NORMALIZED_MATCH,Canonicalized by exact mechanical name normalization only.
SC,SC_POA_Other Kidnapping,POA_OTHER_KIDNAPPING,POA_OTHER_KIDNAPPING,EXACT_NORMALIZED_MATCH,Canonicalized by exact mechanical name normalization only.
SC,SC_POA_Other Sexual Harassment,POA_OTHER_SEXUAL_HARASSMENT,POA_OTHER_SEXUAL_HARASSMENT,EXACT_NORMALIZED_MATCH,Canonicalized by exact mechanical name normalization only.
SC,SC_POA_Rape,POA_RAPE,POA_RAPE,EXACT_NORMALIZED_MATCH,Canonicalized by exact mechanical name normalization only.
SC,SC_POA_Riots,POA_RIOTS,POA_RIOTS,EXACT_NORMALIZED_MATCH,Canonicalized by exact mechanical name normalization only.
SC,SC_POA_Robbery,POA_ROBBERY,POA_ROBBERY,EXACT_NORMALIZED_MATCH,Canonicalized by exact mechanical name normalization only.
SC,SC_POA_SC / ST (Prevention of Atrocities) Act only,POA_SC_ST_PREVENTION_OF_ATROCITIES_ACT_ONLY,POA_SC_ST_PREVENTION_OF_ATROCITIES_ACT_ONLY,EXACT_NORMALIZED_MATCH,Canonicalized by exact mechanical name normalization only.
SC,SC_POA_Sexual Harassment,POA_SEXUAL_HARASSMENT,POA_SEXUAL_HARASSMENT,EXACT_NORMALIZED_MATCH,Canonicalized by exact mechanical name normalization only.
SC,SC_POA_Stalking,POA_STALKING,POA_STALKING,EXACT_NORMALIZED_MATCH,Canonicalized by exact mechanical name normalization only.
SC,SC_POA_Voyeurism,POA_VOYEURISM,POA_VOYEURISM,EXACT_NORMALIZED_MATCH,Canonicalized by exact mechanical name normalization only.
SC,SC_Prevention of atrocities (POA) Act,PREVENTION_OF_ATROCITIES_POA_ACT,PREVENTION_OF_ATROCITIES_POA_ACT,EXACT_NORMALIZED_MATCH,Canonicalized by exact mechanical name normalization only.
SC,"SC_Protection of Civil Rights Act, 1955",PROTECTION_OF_CIVIL_RIGHTS_ACT_1955,PROTECTION_OF_CIVIL_RIGHTS_ACT_1955,EXACT_NORMALIZED_MATCH,Canonicalized by exact mechanical name normalization only.
SC,SC_Protection of Civil Rights (PCR) Act,PROTECTION_OF_CIVIL_RIGHTS_PCR_ACT,PROTECTION_OF_CIVIL_RIGHTS_PCR_ACT,EXACT_NORMALIZED_MATCH,Canonicalized by exact mechanical name normalization only.
SC,SC_Rape,RAPE,RAPE,EXACT_NORMALIZED_MATCH,Canonicalized by exact mechanical name normalization only.
SC,SC_Robbery,ROBBERY,ROBBERY,EXACT_NORMALIZED_MATCH,Canonicalized by exact mechanical name normalization only.
SC,SC_Total crimes against SCs,TOTAL_CRIMES_AGAINST_SCS,TOTAL_CRIMES_AGAINST_SCS,EXACT_NORMALIZED_MATCH,Canonicalized by exact mechanical name normalization only.
SC,SC_Total IPC Crimes against SCs,TOTAL_IPC_CRIMES_AGAINST_SCS,TOTAL_IPC_CRIMES_AGAINST_SCS,EXACT_NORMALIZED_MATCH,Canonicalized by exact mechanical name normalization only.
SC,"SC_Total of SC/ST (Prevention of Atrocities) Act ,1989",TOTAL_OF_SC_ST_PREVENTION_OF_ATROCITIES_ACT_1989,TOTAL_OF_SC_ST_PREVENTION_OF_ATROCITIES_ACT_1989,EXACT_NORMALIZED_MATCH,Canonicalized by exact mechanical name normalization only.
ST,ST_Arson,ARSON,ARSON,EXACT_NORMALIZED_MATCH,Canonicalized by exact mechanical name normalization only.
ST,ST_Dacoity,DACOITY,DACOITY,EXACT_NORMALIZED_MATCH,Canonicalized by exact mechanical name normalization only.
ST,ST_Hurt,HURT,HURT,EXACT_NORMALIZED_MATCH,Canonicalized by exact mechanical name normalization only.
ST,ST_IPC_Acid attack,IPC_ACID_ATTACK,IPC_ACID_ATTACK,EXACT_NORMALIZED_MATCH,Canonicalized by exact mechanical name normalization only.
ST,ST_IPC_Arson,IPC_ARSON,IPC_ARSON,EXACT_NORMALIZED_MATCH,Canonicalized by exact mechanical name normalization only.
ST,ST_IPC_Assault on women with intent to Disrobe,IPC_ASSAULT_ON_WOMEN_WITH_INTENT_TO_DISROBE,IPC_ASSAULT_ON_WOMEN_WITH_INTENT_TO_DISROBE,EXACT_NORMALIZED_MATCH,Canonicalized by exact mechanical name normalization only.
ST,ST_IPC_Assault on women with intent to outrage her Modesty,IPC_ASSAULT_ON_WOMEN_WITH_INTENT_TO_OUTRAGE_HER_MODESTY,IPC_ASSAULT_ON_WOMEN_WITH_INTENT_TO_OUTRAGE_HER_MODESTY,EXACT_NORMALIZED_MATCH,Canonicalized by exact mechanical name normalization only.
ST,ST_IPC_Attempt to Acid Attack,IPC_ATTEMPT_TO_ACID_ATTACK,IPC_ATTEMPT_TO_ACID_ATTACK,EXACT_NORMALIZED_MATCH,Canonicalized by exact mechanical name normalization only.
ST,ST_IPC_Attempt to commit Murder,IPC_ATTEMPT_TO_COMMIT_MURDER,IPC_ATTEMPT_TO_COMMIT_MURDER,EXACT_NORMALIZED_MATCH,Canonicalized by exact mechanical name normalization only.
ST,ST_IPC_Attempt to commit Rape,IPC_ATTEMPT_TO_COMMIT_RAPE,IPC_ATTEMPT_TO_COMMIT_RAPE,EXACT_NORMALIZED_MATCH,Canonicalized by exact mechanical name normalization only.
ST,ST_IPC_Dacoity,IPC_DACOITY,IPC_DACOITY,EXACT_NORMALIZED_MATCH,Canonicalized by exact mechanical name normalization only.
ST,ST_IPC_Dacoity with Murder,IPC_DACOITY_WITH_MURDER,IPC_DACOITY_WITH_MURDER,EXACT_NORMALIZED_MATCH,Canonicalized by exact mechanical name normalization only.
ST,ST_IPC_Grievous Hurt,IPC_GRIEVOUS_HURT,IPC_GRIEVOUS_HURT,EXACT_NORMALIZED_MATCH,Canonicalized by exact mechanical name normalization only.
ST,ST_IPC_Hurt,IPC_HURT,IPC_HURT,EXACT_NORMALIZED_MATCH,Canonicalized by exact mechanical name normalization only.
ST,ST_IPC_Insult to the Modesty of women,IPC_INSULT_TO_THE_MODESTY_OF_WOMEN,IPC_INSULT_TO_THE_MODESTY_OF_WOMEN,EXACT_NORMALIZED_MATCH,Canonicalized by exact mechanical name normalization only.
ST,ST_IPC_Kidnaping & Abduction,IPC_KIDNAPING_ABDUCTION,IPC_KIDNAPING_ABDUCTION,EXACT_NORMALIZED_MATCH,Canonicalized by exact mechanical name normalization only.
ST,ST_IPC_Kidnaping & Abduction in order to Murder,IPC_KIDNAPING_ABDUCTION_IN_ORDER_TO_MURDER,IPC_KIDNAPING_ABDUCTION_IN_ORDER_TO_MURDER,EXACT_NORMALIZED_MATCH,Canonicalized by exact mechanical name normalization only.
ST,ST_IPC_Kidnapping & Abduction,IPC_KIDNAPPING_ABDUCTION,IPC_KIDNAPPING_ABDUCTION,EXACT_NORMALIZED_MATCH,Canonicalized by exact mechanical name normalization only.
ST,ST_IPC_Kidnapping & Abduction of Women to compel her for marriage,IPC_KIDNAPPING_ABDUCTION_OF_WOMEN_TO_COMPEL_HER_FOR_MARRIAGE,IPC_KIDNAPPING_ABDUCTION_OF_WOMEN_TO_COMPEL_HER_FOR_MARRIAGE,EXACT_NORMALIZED_MATCH,Canonicalized by exact mechanical name normalization only.
ST,ST_IPC_Kidnapping for Ransom,IPC_KIDNAPPING_FOR_RANSOM,IPC_KIDNAPPING_FOR_RANSOM,EXACT_NORMALIZED_MATCH,Canonicalized by exact mechanical name normalization only.
ST,ST_IPC_Murder,IPC_MURDER,IPC_MURDER,EXACT_NORMALIZED_MATCH,Canonicalized by exact mechanical name normalization only.
ST,ST_IPC_Other Dacoity,IPC_OTHER_DACOITY,IPC_OTHER_DACOITY,EXACT_NORMALIZED_MATCH,Canonicalized by exact mechanical name normalization only.
ST,ST_IPC_Other IPC crimes,IPC_OTHER_IPC_CRIMES,IPC_OTHER_IPC_CRIMES,EXACT_NORMALIZED_MATCH,Canonicalized by exact mechanical name normalization only.
ST,ST_IPC_Other Kidnapping,IPC_OTHER_KIDNAPPING,IPC_OTHER_KIDNAPPING,EXACT_NORMALIZED_MATCH,Canonicalized by exact mechanical name normalization only.
ST,ST_IPC_Other Sexual Harassment,IPC_OTHER_SEXUAL_HARASSMENT,IPC_OTHER_SEXUAL_HARASSMENT,EXACT_NORMALIZED_MATCH,Canonicalized by exact mechanical name normalization only.
ST,ST_IPC_Rape,IPC_RAPE,IPC_RAPE,EXACT_NORMALIZED_MATCH,Canonicalized by exact mechanical name normalization only.
ST,ST_IPC_Riots,IPC_RIOTS,IPC_RIOTS,EXACT_NORMALIZED_MATCH,Canonicalized by exact mechanical name normalization only.
ST,ST_IPC_Robbery,IPC_ROBBERY,IPC_ROBBERY,EXACT_NORMALIZED_MATCH,Canonicalized by exact mechanical name normalization only.
ST,ST_IPC_Sexual Harassment,IPC_SEXUAL_HARASSMENT,IPC_SEXUAL_HARASSMENT,EXACT_NORMALIZED_MATCH,Canonicalized by exact mechanical name normalization only.
ST,ST_IPC_Stalking,IPC_STALKING,IPC_STALKING,EXACT_NORMALIZED_MATCH,Canonicalized by exact mechanical name normalization only.
ST,ST_IPC_Voyeurism,IPC_VOYEURISM,IPC_VOYEURISM,EXACT_NORMALIZED_MATCH,Canonicalized by exact mechanical name normalization only.
ST,ST_Kidnapping Abduction,KIDNAPPING_ABDUCTION,KIDNAPPING_ABDUCTION,EXACT_NORMALIZED_MATCH,Canonicalized by exact mechanical name normalization only.
ST,"ST_Manual Scavengers and Construction of Dry Latrines (P) Act, 1993",MANUAL_SCAVENGERS_AND_CONSTRUCTION_OF_DRY_LATRINES_P_ACT_1993,MANUAL_SCAVENGERS_AND_CONSTRUCTION_OF_DRY_LATRINES_P_ACT_1993,EXACT_NORMALIZED_MATCH,Canonicalized by exact mechanical name normalization only.
ST,ST_Murder,MURDER,MURDER,EXACT_NORMALIZED_MATCH,Canonicalized by exact mechanical name normalization only.
ST,ST_Other Crimes Against STs,OTHER_CRIMES_AGAINST_STS,OTHER_CRIMES_AGAINST_STS,EXACT_NORMALIZED_MATCH,Canonicalized by exact mechanical name normalization only.
ST,ST_Other SLL Crime against STs,OTHER_SLL_CRIME_AGAINST_STS,OTHER_SLL_CRIME_AGAINST_STS,EXACT_NORMALIZED_MATCH,Canonicalized by exact mechanical name normalization only.
ST,ST_POA_Acid attack,POA_ACID_ATTACK,POA_ACID_ATTACK,EXACT_NORMALIZED_MATCH,Canonicalized by exact mechanical name normalization only.
ST,ST_POA_Arson,POA_ARSON,POA_ARSON,EXACT_NORMALIZED_MATCH,Canonicalized by exact mechanical name normalization only.
ST,ST_POA_Assault on women with intent to Disrobe,POA_ASSAULT_ON_WOMEN_WITH_INTENT_TO_DISROBE,POA_ASSAULT_ON_WOMEN_WITH_INTENT_TO_DISROBE,EXACT_NORMALIZED_MATCH,Canonicalized by exact mechanical name normalization only.
ST,ST_POA_Assault on women with intent to outrage her Modesty,POA_ASSAULT_ON_WOMEN_WITH_INTENT_TO_OUTRAGE_HER_MODESTY,POA_ASSAULT_ON_WOMEN_WITH_INTENT_TO_OUTRAGE_HER_MODESTY,EXACT_NORMALIZED_MATCH,Canonicalized by exact mechanical name normalization only.
ST,ST_POA_Attempt to Acid Attack,POA_ATTEMPT_TO_ACID_ATTACK,POA_ATTEMPT_TO_ACID_ATTACK,EXACT_NORMALIZED_MATCH,Canonicalized by exact mechanical name normalization only.
ST,ST_POA_Attempt to commit Murder,POA_ATTEMPT_TO_COMMIT_MURDER,POA_ATTEMPT_TO_COMMIT_MURDER,EXACT_NORMALIZED_MATCH,Canonicalized by exact mechanical name normalization only.
ST,ST_POA_Attempt to commit Rape,POA_ATTEMPT_TO_COMMIT_RAPE,POA_ATTEMPT_TO_COMMIT_RAPE,EXACT_NORMALIZED_MATCH,Canonicalized by exact mechanical name normalization only.
ST,ST_POA_Dacoity,POA_DACOITY,POA_DACOITY,EXACT_NORMALIZED_MATCH,Canonicalized by exact mechanical name normalization only.
ST,ST_POA_Dacoity with Murder,POA_DACOITY_WITH_MURDER,POA_DACOITY_WITH_MURDER,EXACT_NORMALIZED_MATCH,Canonicalized by exact mechanical name normalization only.
ST,ST_POA_Grievous Hurt,POA_GRIEVOUS_HURT,POA_GRIEVOUS_HURT,EXACT_NORMALIZED_MATCH,Canonicalized by exact mechanical name normalization only.
ST,ST_POA_Hurt,POA_HURT,POA_HURT,EXACT_NORMALIZED_MATCH,Canonicalized by exact mechanical name normalization only.
ST,ST_POA_Insult to the Modesty of women,POA_INSULT_TO_THE_MODESTY_OF_WOMEN,POA_INSULT_TO_THE_MODESTY_OF_WOMEN,EXACT_NORMALIZED_MATCH,Canonicalized by exact mechanical name normalization only.
ST,ST_POA_Kidnaping & Abduction in order to Murder,POA_KIDNAPING_ABDUCTION_IN_ORDER_TO_MURDER,POA_KIDNAPING_ABDUCTION_IN_ORDER_TO_MURDER,EXACT_NORMALIZED_MATCH,Canonicalized by exact mechanical name normalization only.
ST,ST_POA_Kidnaping & Abduction_Total,POA_KIDNAPING_ABDUCTION_TOTAL,POA_KIDNAPING_ABDUCTION_TOTAL,EXACT_NORMALIZED_MATCH,Canonicalized by exact mechanical name normalization only.
ST,ST_POA_Kidnapping & Abduction_GrandTotal,POA_KIDNAPPING_ABDUCTION_GRANDTOTAL,POA_KIDNAPPING_ABDUCTION_GRANDTOTAL,EXACT_NORMALIZED_MATCH,Canonicalized by exact mechanical name normalization only.
ST,ST_POA_Kidnapping & Abduction of Women to compel her for marriage,POA_KIDNAPPING_ABDUCTION_OF_WOMEN_TO_COMPEL_HER_FOR_MARRIAGE,POA_KIDNAPPING_ABDUCTION_OF_WOMEN_TO_COMPEL_HER_FOR_MARRIAGE,EXACT_NORMALIZED_MATCH,Canonicalized by exact mechanical name normalization only.
ST,ST_POA_Kidnapping for Ransom,POA_KIDNAPPING_FOR_RANSOM,POA_KIDNAPPING_FOR_RANSOM,EXACT_NORMALIZED_MATCH,Canonicalized by exact mechanical name normalization only.
ST,ST_POA_Murder,POA_MURDER,POA_MURDER,EXACT_NORMALIZED_MATCH,Canonicalized by exact mechanical name normalization only.
ST,ST_POA_Other Dacoity,POA_OTHER_DACOITY,POA_OTHER_DACOITY,EXACT_NORMALIZED_MATCH,Canonicalized by exact mechanical name normalization only.
ST,ST_POA_Other IPC crimes,POA_OTHER_IPC_CRIMES,POA_OTHER_IPC_CRIMES,EXACT_NORMALIZED_MATCH,Canonicalized by exact mechanical name normalization only.
ST,ST_POA_Other Kidnapping,POA_OTHER_KIDNAPPING,POA_OTHER_KIDNAPPING,EXACT_NORMALIZED_MATCH,Canonicalized by exact mechanical name normalization only.
ST,ST_POA_Other Sexual Harassment,POA_OTHER_SEXUAL_HARASSMENT,POA_OTHER_SEXUAL_HARASSMENT,EXACT_NORMALIZED_MATCH,Canonicalized by exact mechanical name normalization only.
ST,ST_POA_Rape,POA_RAPE,POA_RAPE,EXACT_NORMALIZED_MATCH,Canonicalized by exact mechanical name normalization only.
ST,ST_POA_Riots,POA_RIOTS,POA_RIOTS,EXACT_NORMALIZED_MATCH,Canonicalized by exact mechanical name normalization only.
ST,ST_POA_Robbery,POA_ROBBERY,POA_ROBBERY,EXACT_NORMALIZED_MATCH,Canonicalized by exact mechanical name normalization only.
ST,ST_POA_SC / ST (Prevention of Atrocities) Act only,POA_SC_ST_PREVENTION_OF_ATROCITIES_ACT_ONLY,POA_SC_ST_PREVENTION_OF_ATROCITIES_ACT_ONLY,EXACT_NORMALIZED_MATCH,Canonicalized by exact mechanical name normalization only.
ST,ST_POA_Sexual Harassment,POA_SEXUAL_HARASSMENT,POA_SEXUAL_HARASSMENT,EXACT_NORMALIZED_MATCH,Canonicalized by exact mechanical name normalization only.
ST,ST_POA_Stalking,POA_STALKING,POA_STALKING,EXACT_NORMALIZED_MATCH,Canonicalized by exact mechanical name normalization only.
ST,ST_POA_Voyeurism,POA_VOYEURISM,POA_VOYEURISM,EXACT_NORMALIZED_MATCH,Canonicalized by exact mechanical name normalization only.
ST,ST_Prevention of atrocities (POA) Act,PREVENTION_OF_ATROCITIES_POA_ACT,PREVENTION_OF_ATROCITIES_POA_ACT,EXACT_NORMALIZED_MATCH,Canonicalized by exact mechanical name normalization only.
ST,"ST_Protection of Civil Rights Act, 1955",PROTECTION_OF_CIVIL_RIGHTS_ACT_1955,PROTECTION_OF_CIVIL_RIGHTS_ACT_1955,EXACT_NORMALIZED_MATCH,Canonicalized by exact mechanical name normalization only.
ST,ST_Protection of Civil Rights (PCR) Act,PROTECTION_OF_CIVIL_RIGHTS_PCR_ACT,PROTECTION_OF_CIVIL_RIGHTS_PCR_ACT,EXACT_NORMALIZED_MATCH,Canonicalized by exact mechanical name normalization only.
ST,ST_Rape,RAPE,RAPE,EXACT_NORMALIZED_MATCH,Canonicalized by exact mechanical name normalization only.
ST,ST_Robbery,ROBBERY,ROBBERY,EXACT_NORMALIZED_MATCH,Canonicalized by exact mechanical name normalization only.
ST,ST_Total crimes against STs,TOTAL_CRIMES_AGAINST_STS,TOTAL_CRIMES_AGAINST_STS,EXACT_NORMALIZED_MATCH,Canonicalized by exact mechanical name normalization only.
ST,ST_Total IPC Crimes against STs,TOTAL_IPC_CRIMES_AGAINST_STS,TOTAL_IPC_CRIMES_AGAINST_STS,EXACT_NORMALIZED_MATCH,Canonicalized by exact mechanical name normalization only.
ST,"ST_Total of SC/ST (Prevention of Atrocities) Act ,1989",TOTAL_OF_SC_ST_PREVENTION_OF_ATROCITIES_ACT_1989,TOTAL_OF_SC_ST_PREVENTION_OF_ATROCITIES_ACT_1989,EXACT_NORMALIZED_MATCH,Canonicalized by exact mechanical name normalization only.
WOMEN,WOMEN_Abetment of Suicides of Women,ABETMENT_OF_SUICIDES_OF_WOMEN,ABETMENT_OF_SUICIDES_OF_WOMEN,EXACT_NORMALIZED_MATCH,Canonicalized by exact mechanical name normalization only.
WOMEN,WOMEN_Acid attack,ACID_ATTACK,ACID_ATTACK,EXACT_NORMALIZED_MATCH,Canonicalized by exact mechanical name normalization only.
WOMEN,WOMEN_Arson,ARSON,ARSON,EXACT_NORMALIZED_MATCH,Canonicalized by exact mechanical name normalization only.
WOMEN,WOMEN_Assault on women with intent to Disrobe,ASSAULT_ON_WOMEN_WITH_INTENT_TO_DISROBE,ASSAULT_ON_WOMEN_WITH_INTENT_TO_DISROBE,EXACT_NORMALIZED_MATCH,Canonicalized by exact mechanical name normalization only.
WOMEN,WOMEN_Assault on women with intent to outrage her modesty,ASSAULT_ON_WOMEN_WITH_INTENT_TO_OUTRAGE_HER_MODESTY,ASSAULT_ON_WOMEN_WITH_INTENT_TO_OUTRAGE_HER_MODESTY,EXACT_NORMALIZED_MATCH,Canonicalized by exact mechanical name normalization only.
WOMEN,WOMEN_Assault on Women with intent to outrage her Modesty_Total,ASSAULT_ON_WOMEN_WITH_INTENT_TO_OUTRAGE_HER_MODESTY_TOTAL,ASSAULT_ON_WOMEN_WITH_INTENT_TO_OUTRAGE_HER_MODESTY_TOTAL,EXACT_NORMALIZED_MATCH,Canonicalized by exact mechanical name normalization only.
WOMEN,WOMEN_Attempt to Acid Attack,ATTEMPT_TO_ACID_ATTACK,ATTEMPT_TO_ACID_ATTACK,EXACT_NORMALIZED_MATCH,Canonicalized by exact mechanical name normalization only.
WOMEN,WOMEN_Attempt to commit Culpable Homicide,ATTEMPT_TO_COMMIT_CULPABLE_HOMICIDE,ATTEMPT_TO_COMMIT_CULPABLE_HOMICIDE,EXACT_NORMALIZED_MATCH,Canonicalized by exact mechanical name normalization only.
WOMEN,WOMEN_Attempt to commit Murder,ATTEMPT_TO_COMMIT_MURDER,ATTEMPT_TO_COMMIT_MURDER,EXACT_NORMALIZED_MATCH,Canonicalized by exact mechanical name normalization only.
WOMEN,WOMEN_Attempt to commit Rape,ATTEMPT_TO_COMMIT_RAPE,ATTEMPT_TO_COMMIT_RAPE,EXACT_NORMALIZED_MATCH,Canonicalized by exact mechanical name normalization only.
WOMEN,WOMEN_At Office premises,AT_OFFICE_PREMISES,AT_OFFICE_PREMISES,EXACT_NORMALIZED_MATCH,Canonicalized by exact mechanical name normalization only.
WOMEN,WOMEN_Causing miscarriage without consent of women,CAUSING_MISCARRIAGE_WITHOUT_CONSENT_OF_WOMEN,CAUSING_MISCARRIAGE_WITHOUT_CONSENT_OF_WOMEN,EXACT_NORMALIZED_MATCH,Canonicalized by exact mechanical name normalization only.
WOMEN,"WOMEN_Commission of Sati Prevention Act, 1987",COMMISSION_OF_SATI_PREVENTION_ACT_1987,COMMISSION_OF_SATI_PREVENTION_ACT_1987,EXACT_NORMALIZED_MATCH,Canonicalized by exact mechanical name normalization only.
WOMEN,WOMEN_Cruelty by Husband or his Relatives,CRUELTY_BY_HUSBAND_OR_HIS_RELATIVES,CRUELTY_BY_HUSBAND_OR_HIS_RELATIVES,EXACT_NORMALIZED_MATCH,Canonicalized by exact mechanical name normalization only.
WOMEN,WOMEN_Culpable Homicide not amounting to Murder,CULPABLE_HOMICIDE_NOT_AMOUNTING_TO_MURDER,CULPABLE_HOMICIDE_NOT_AMOUNTING_TO_MURDER,EXACT_NORMALIZED_MATCH,Canonicalized by exact mechanical name normalization only.
WOMEN,WOMEN_Custodial_Gang Rape,CUSTODIAL_GANG_RAPE,CUSTODIAL_GANG_RAPE,EXACT_NORMALIZED_MATCH,Canonicalized by exact mechanical name normalization only.
WOMEN,WOMEN_Custodial_Other Rape,CUSTODIAL_OTHER_RAPE,CUSTODIAL_OTHER_RAPE,EXACT_NORMALIZED_MATCH,Canonicalized by exact mechanical name normalization only.
WOMEN,WOMEN_Custodial Rape,CUSTODIAL_RAPE,CUSTODIAL_RAPE,EXACT_NORMALIZED_MATCH,Canonicalized by exact mechanical name normalization only.
WOMEN,WOMEN_Dacoity_Total,DACOITY_TOTAL,DACOITY_TOTAL,EXACT_NORMALIZED_MATCH,Canonicalized by exact mechanical name normalization only.
WOMEN,WOMEN_Dacoity with Murder,DACOITY_WITH_MURDER,DACOITY_WITH_MURDER,EXACT_NORMALIZED_MATCH,Canonicalized by exact mechanical name normalization only.
WOMEN,WOMEN_Deaths caused with intent to cause miscarriage,DEATHS_CAUSED_WITH_INTENT_TO_CAUSE_MISCARRIAGE,DEATHS_CAUSED_WITH_INTENT_TO_CAUSE_MISCARRIAGE,EXACT_NORMALIZED_MATCH,Canonicalized by exact mechanical name normalization only.
WOMEN,WOMEN_Dowry Deaths,DOWRY_DEATHS,DOWRY_DEATHS,EXACT_NORMALIZED_MATCH,Canonicalized by exact mechanical name normalization only.
WOMEN,"WOMEN_Dowry Prohibition Act, 1961",DOWRY_PROHIBITION_ACT_1961,DOWRY_PROHIBITION_ACT_1961,EXACT_NORMALIZED_MATCH,Canonicalized by exact mechanical name normalization only.
WOMEN,WOMEN_Grievous Hurt,GRIEVOUS_HURT,GRIEVOUS_HURT,EXACT_NORMALIZED_MATCH,Canonicalized by exact mechanical name normalization only.
WOMEN,WOMEN_HumanTrafficking,HUMANTRAFFICKING,HUMANTRAFFICKING,EXACT_NORMALIZED_MATCH,Canonicalized by exact mechanical name normalization only.
WOMEN,WOMEN_Hurt,HURT,HURT,EXACT_NORMALIZED_MATCH,Canonicalized by exact mechanical name normalization only.
WOMEN,WOMEN_Immoral Traffic Prevention Act,IMMORAL_TRAFFIC_PREVENTION_ACT,IMMORAL_TRAFFIC_PREVENTION_ACT,EXACT_NORMALIZED_MATCH,Canonicalized by exact mechanical name normalization only.
WOMEN,WOMEN_Importation of Girls,IMPORTATION_OF_GIRLS,IMPORTATION_OF_GIRLS,EXACT_NORMALIZED_MATCH,Canonicalized by exact mechanical name normalization only.
WOMEN,WOMEN_Importation of Girls from Foreign Country,IMPORTATION_OF_GIRLS_FROM_FOREIGN_COUNTRY,IMPORTATION_OF_GIRLS_FROM_FOREIGN_COUNTRY,EXACT_NORMALIZED_MATCH,Canonicalized by exact mechanical name normalization only.
WOMEN,"WOMEN_Indecent Representation of Women (P) Act, 1986",INDECENT_REPRESENTATION_OF_WOMEN_P_ACT_1986,INDECENT_REPRESENTATION_OF_WOMEN_P_ACT_1986,EXACT_NORMALIZED_MATCH,Canonicalized by exact mechanical name normalization only.
WOMEN,WOMEN_Insult to modesty of Women,INSULT_TO_MODESTY_OF_WOMEN,INSULT_TO_MODESTY_OF_WOMEN,EXACT_NORMALIZED_MATCH,Canonicalized by exact mechanical name normalization only.
WOMEN,WOMEN_Insult to the Modesty of Women_Total,INSULT_TO_THE_MODESTY_OF_WOMEN_TOTAL,INSULT_TO_THE_MODESTY_OF_WOMEN_TOTAL,EXACT_NORMALIZED_MATCH,Canonicalized by exact mechanical name normalization only.
WOMEN,WOMEN_In other Places,IN_OTHER_PLACES,IN_OTHER_PLACES,EXACT_NORMALIZED_MATCH,Canonicalized by exact mechanical name normalization only.
WOMEN,WOMEN_In places related to work,IN_PLACES_RELATED_TO_WORK,IN_PLACES_RELATED_TO_WORK,EXACT_NORMALIZED_MATCH,Canonicalized by exact mechanical name normalization only.
WOMEN,WOMEN_In Public Transport system,IN_PUBLIC_TRANSPORT_SYSTEM,IN_PUBLIC_TRANSPORT_SYSTEM,EXACT_NORMALIZED_MATCH,Canonicalized by exact mechanical name normalization only.
WOMEN,WOMEN_ITP Under Other Sections,ITP_UNDER_OTHER_SECTIONS,ITP_UNDER_OTHER_SECTIONS,EXACT_NORMALIZED_MATCH,Canonicalized by exact mechanical name normalization only.
WOMEN,WOMEN_ITP Under Section 5,ITP_UNDER_SECTION_5,ITP_UNDER_SECTION_5,EXACT_NORMALIZED_MATCH,Canonicalized by exact mechanical name normalization only.
WOMEN,WOMEN_ITP Under Section 6,ITP_UNDER_SECTION_6,ITP_UNDER_SECTION_6,EXACT_NORMALIZED_MATCH,Canonicalized by exact mechanical name normalization only.
WOMEN,WOMEN_ITP Under Section 7,ITP_UNDER_SECTION_7,ITP_UNDER_SECTION_7,EXACT_NORMALIZED_MATCH,Canonicalized by exact mechanical name normalization only.
WOMEN,WOMEN_ITP Under Section 8,ITP_UNDER_SECTION_8,ITP_UNDER_SECTION_8,EXACT_NORMALIZED_MATCH,Canonicalized by exact mechanical name normalization only.
WOMEN,WOMEN_Kidnaping & Abduction,KIDNAPING_ABDUCTION,KIDNAPING_ABDUCTION,EXACT_NORMALIZED_MATCH,Canonicalized by exact mechanical name normalization only.
WOMEN,WOMEN_Kidnaping & Abduction in order to Murder,KIDNAPING_ABDUCTION_IN_ORDER_TO_MURDER,KIDNAPING_ABDUCTION_IN_ORDER_TO_MURDER,EXACT_NORMALIZED_MATCH,Canonicalized by exact mechanical name normalization only.
WOMEN,WOMEN_Kidnaping & Abduction_Others,KIDNAPING_ABDUCTION_OTHERS,KIDNAPING_ABDUCTION_OTHERS,EXACT_NORMALIZED_MATCH,Canonicalized by exact mechanical name normalization only.
WOMEN,WOMEN_Kidnapping & Abduction of Women to compel her for marriage,KIDNAPPING_ABDUCTION_OF_WOMEN_TO_COMPEL_HER_FOR_MARRIAGE,KIDNAPPING_ABDUCTION_OF_WOMEN_TO_COMPEL_HER_FOR_MARRIAGE,EXACT_NORMALIZED_MATCH,Canonicalized by exact mechanical name normalization only.
WOMEN,WOMEN_Kidnapping & Abduction_Total,KIDNAPPING_ABDUCTION_TOTAL,KIDNAPPING_ABDUCTION_TOTAL,EXACT_NORMALIZED_MATCH,Canonicalized by exact mechanical name normalization only.
WOMEN,WOMEN_Kidnapping and Abduction,KIDNAPPING_AND_ABDUCTION,KIDNAPPING_AND_ABDUCTION,EXACT_NORMALIZED_MATCH,Canonicalized by exact mechanical name normalization only.
WOMEN,WOMEN_Kidnapping for Ransom,KIDNAPPING_FOR_RANSOM,KIDNAPPING_FOR_RANSOM,EXACT_NORMALIZED_MATCH,Canonicalized by exact mechanical name normalization only.
WOMEN,WOMEN_Murder,MURDER,MURDER,EXACT_NORMALIZED_MATCH,Canonicalized by exact mechanical name normalization only.
WOMEN,WOMEN_Others,OTHERS,OTHERS,EXACT_NORMALIZED_MATCH,Canonicalized by exact mechanical name normalization only.
WOMEN,WOMEN_Other Dacoity,OTHER_DACOITY,OTHER_DACOITY,EXACT_NORMALIZED_MATCH,Canonicalized by exact mechanical name normalization only.
WOMEN,WOMEN_Other IPC Crimes,OTHER_IPC_CRIMES,OTHER_IPC_CRIMES,EXACT_NORMALIZED_MATCH,Canonicalized by exact mechanical name normalization only.
WOMEN,WOMEN_Other SLL Crimes against Women,OTHER_SLL_CRIMES_AGAINST_WOMEN,OTHER_SLL_CRIMES_AGAINST_WOMEN,EXACT_NORMALIZED_MATCH,Canonicalized by exact mechanical name normalization only.
WOMEN,"WOMEN_Protection of Women from Domestic Violence Act, 2005",PROTECTION_OF_WOMEN_FROM_DOMESTIC_VIOLENCE_ACT_2005,PROTECTION_OF_WOMEN_FROM_DOMESTIC_VIOLENCE_ACT_2005,EXACT_NORMALIZED_MATCH,Canonicalized by exact mechanical name normalization only.
WOMEN,WOMEN_Rape,RAPE,RAPE,EXACT_NORMALIZED_MATCH,Canonicalized by exact mechanical name normalization only.
WOMEN,WOMEN_Rape_Gang Rape,RAPE_GANG_RAPE,RAPE_GANG_RAPE,EXACT_NORMALIZED_MATCH,Canonicalized by exact mechanical name normalization only.
WOMEN,WOMEN_Rape_Others,RAPE_OTHERS,RAPE_OTHERS,EXACT_NORMALIZED_MATCH,Canonicalized by exact mechanical name normalization only.
WOMEN,WOMEN_Rape other than Custodial,RAPE_OTHER_THAN_CUSTODIAL,RAPE_OTHER_THAN_CUSTODIAL,EXACT_NORMALIZED_MATCH,Canonicalized by exact mechanical name normalization only.
WOMEN,WOMEN_Robbery,ROBBERY,ROBBERY,EXACT_NORMALIZED_MATCH,Canonicalized by exact mechanical name normalization only.
WOMEN,WOMEN_Sexual Harassment,SEXUAL_HARASSMENT,SEXUAL_HARASSMENT,EXACT_NORMALIZED_MATCH,Canonicalized by exact mechanical name normalization only.
WOMEN,WOMEN_Stalking,STALKING,STALKING,EXACT_NORMALIZED_MATCH,Canonicalized by exact mechanical name normalization only.
WOMEN,WOMEN_Total Crimes against Women,TOTAL_CRIMES_AGAINST_WOMEN,TOTAL_CRIMES_AGAINST_WOMEN,EXACT_NORMALIZED_MATCH,Canonicalized by exact mechanical name normalization only.
WOMEN,WOMEN_UnNatural Offences,UNNATURAL_OFFENCES,UNNATURAL_OFFENCES,EXACT_NORMALIZED_MATCH,Canonicalized by exact mechanical name normalization only.
WOMEN,WOMEN_Voyeurism,VOYEURISM,VOYEURISM,EXACT_NORMALIZED_MATCH,Canonicalized by exact mechanical name normalization only.
