column,structural_group,crime_family,is_aggregate,dtype,missing_count,missing_percentage,unique_values
STATE,IDENTIFICATION_LOCATION,IDENTIFICATION_LOCATION,False,object,0,0.0,72
UNIT_NAME,IDENTIFICATION_LOCATION,IDENTIFICATION_LOCATION,False,object,0,0.0,1490
YEAR,TIME,TIME,False,int64,0,0.0,14
IPC_MURDER,IPC,MURDER_HOMICIDE,False,float64,225,2.28,294
IPC_ATTEMPT_TO_MURDER,IPC,MURDER_HOMICIDE,False,float64,954,9.68,329
IPC_RAPE,IPC,RAPE_SEXUAL_OFFENCES,False,float64,225,2.28,265
IPC_OTHER_RAPE,IPC,RAPE_SEXUAL_OFFENCES,False,float64,954,9.68,246
IPC_KIDNAPPING_AND_ABDUCTION_OF_WOMEN_AND_GIRLS,IPC,KIDNAPPING_ABDUCTION,False,float64,954,9.68,331
IPC_KIDNAPPING_AND_ABDUCTION_OF_OTHERS,IPC,KIDNAPPING_ABDUCTION,False,float64,954,9.68,202
IPC_DACOITY,IPC,DACOITY_ROBBERY,False,float64,225,2.28,107
IPC_PREPARATION_AND_ASSEMBLY_FOR_DACOITY,IPC,DACOITY_ROBBERY,False,float64,954,9.68,128
IPC_ROBBERY,IPC,DACOITY_ROBBERY,False,float64,225,2.28,323
IPC_BURGLARY,IPC,THEFT_BURGLARY_TRESPASS,False,float64,954,9.68,717
IPC_THEFT,IPC,THEFT_BURGLARY_TRESPASS,False,float64,225,2.28,1617
IPC_OTHER_THEFT,IPC,THEFT_BURGLARY_TRESPASS,False,float64,954,9.68,1144
IPC_RIOTS,IPC,RIOTS_PUBLIC_ORDER,False,float64,225,2.28,615
IPC_CHEATING,IPC,CHEATING_FRAUD,False,float64,225,2.28,686
IPC_COUNTERFIETING,IPC,OTHER_CRIME,False,float64,954,9.68,93
IPC_ARSON,IPC,ARSON,False,float64,225,2.28,130
IPC_HURT_GREVIOUS_HURT,IPC,HURT_ASSAULT,False,float64,954,9.68,1658
IPC_INSULT_TO_MODESTY_OF_WOMEN,IPC,RAPE_SEXUAL_OFFENCES,False,float64,954,9.68,264
IPC_IMPORTATION_OF_GIRLS_FROM_FOREIGN_COUNTRIES,IPC,OTHER_CRIME,False,float64,954,9.68,24
IPC_TOTAL_IPC_CRIMES,IPC,OTHER_CRIME,True,float64,954,9.68,4802
IPC_ATTEMPT_TO_COMMIT_MURDER,IPC,MURDER_HOMICIDE,False,float64,9127,92.6,165
IPC_ATTEMPT_TO_COMMIT_CULPABLE_HOMICIDE,IPC,MURDER_HOMICIDE,False,float64,9127,92.6,52
IPC_CUSTODIAL_GANG_RAPE,IPC,RAPE_SEXUAL_OFFENCES,False,float64,9127,92.6,3
IPC_CUSTODIAL_OTHER_RAPE,IPC,RAPE_SEXUAL_OFFENCES,False,float64,9127,92.6,14
IPC_RAPE_OTHER_THAN_CUSTODIAL,IPC,RAPE_SEXUAL_OFFENCES,False,float64,9127,92.6,158
IPC_RAPE_GANG_RAPE,IPC,RAPE_SEXUAL_OFFENCES,False,float64,9127,92.6,33
IPC_RAPE_OTHERS,IPC,RAPE_SEXUAL_OFFENCES,False,float64,9127,92.6,156
IPC_ATTEMPT_TO_COMMIT_RAPE,IPC,RAPE_SEXUAL_OFFENCES,False,float64,9127,92.6,54
IPC_KIDNAPPING_ABDUCTION_TOTAL,IPC,KIDNAPPING_ABDUCTION,True,float64,9127,92.6,256
IPC_KIDNAPPING_ABDUCTION_IN_ORDER_TO_MURDER,IPC,MURDER_HOMICIDE,False,float64,9127,92.6,30
IPC_KIDNAPPING_FOR_RANSOM,IPC,KIDNAPPING_ABDUCTION,False,float64,9127,92.6,15
IPC_KIDNAPPING_ABDUCTION_OF_WOMEN_TO_COMPEL_HER_FOR_MARRIAGE,IPC,KIDNAPPING_ABDUCTION,False,float64,9127,92.6,170
IPC_OTHER_KIDNAPPING,IPC,KIDNAPPING_ABDUCTION,False,float64,9127,92.6,120
IPC_DACOITY_WITH_MURDER,IPC,MURDER_HOMICIDE,False,float64,9127,92.6,5
IPC_OTHER_DACOITY,IPC,DACOITY_ROBBERY,False,float64,9127,92.6,40
IPC_MAKING_PREPARATION_AND_ASSEMBLY_FOR_COMMITTING_DACOITY,IPC,DACOITY_ROBBERY,False,float64,9127,92.6,42
IPC_CRIMINAL_TRESPASS_BURGLARY,IPC,THEFT_BURGLARY_TRESPASS,False,float64,9127,92.6,296
IPC_CRIMINAL_TRESPASS_OR_BURGLARY,IPC,THEFT_BURGLARY_TRESPASS,False,float64,9127,92.6,253
IPC_HOUSE_TRESPASS_HOUSE_BREAKING,IPC,THEFT_BURGLARY_TRESPASS,False,float64,9127,92.6,145
IPC_OTHER_THEFTS,IPC,THEFT_BURGLARY_TRESPASS,False,float64,9127,92.6,393
IPC_UNLAWFUL_ASSEMBLY,IPC,RIOTS_PUBLIC_ORDER,False,float64,9127,92.6,75
IPC_RIOTS_COMMUNAL,IPC,RIOTS_PUBLIC_ORDER,False,float64,9127,92.6,20
IPC_RIOTS_INDUSTRIAL,IPC,RIOTS_PUBLIC_ORDER,False,float64,9127,92.6,10
IPC_RIOTS_POLITICAL,IPC,RIOTS_PUBLIC_ORDER,False,float64,9127,92.6,32
IPC_RIOTS_CASTE_CONFLICT,IPC,RIOTS_PUBLIC_ORDER,False,float64,9127,92.6,31
IPC_RIOTS_SC_STS_VS_NON_SCS_STS,IPC,RIOTS_PUBLIC_ORDER,False,float64,9127,92.6,17
IPC_RIOTS_OTHER_CASTE_CONFLICT,IPC,RIOTS_PUBLIC_ORDER,False,float64,9127,92.6,26
IPC_RIOTS_AGRARIAN,IPC,RIOTS_PUBLIC_ORDER,False,float64,9127,92.6,19
IPC_RIOTS_STUDENTS,IPC,RIOTS_PUBLIC_ORDER,False,float64,9127,92.6,14
IPC_RIOTS_SECTARIAN,IPC,RIOTS_PUBLIC_ORDER,False,float64,9127,92.6,5
IPC_RIOTS_OTHERS,IPC,RIOTS_PUBLIC_ORDER,False,float64,9127,92.6,222
IPC_FORGERY,IPC,CHEATING_FRAUD,False,float64,9127,92.6,84
IPC_COUNTERFEITING,IPC,CHEATING_FRAUD,False,float64,9127,92.6,27
IPC_COUNTERFEIT_OFFENCES_RELATED_TO_COUNTERFEIT_COIN,IPC,OTHER_CRIME,False,float64,9127,92.6,6
IPC_COUNTERFEITING_GOVERNMENT_STAMP,IPC,CHEATING_FRAUD,False,float64,9127,92.6,2
IPC_COUNTERFEIT_CURRENCY_BANK_NOTES,IPC,OTHER_CRIME,False,float64,9127,92.6,26
IPC_COUNTERFEITING_CURRENCY_NOTES_BANK_NOTES,IPC,CHEATING_FRAUD,False,float64,9127,92.6,16
IPC_USING_FORGED_OR_COUNTERFEITING_CURRENCY_BANK_NOTES,IPC,CHEATING_FRAUD,False,float64,9127,92.6,17
IPC_POSSESSION_OF_FORGED_OR_COUNTERFEITING_CURRENCY_BANK_NOTES,IPC,CHEATING_FRAUD,False,float64,9127,92.6,11
IPC_MAKING_OR_POSSESSING_MATERIALS_FOR_FORGED_CURRENCY_BANK_NOTES,IPC,OTHER_CRIME,False,float64,9127,92.6,4
IPC_MAKING_OR_USING_DOCUMENTS_RESEMBLING_CURRENCY,IPC,OTHER_CRIME,False,float64,9127,92.6,5
IPC_GRIEVOUS_HURT,IPC,HURT_ASSAULT,False,float64,9127,92.6,257
IPC_HURT,IPC,HURT_ASSAULT,False,float64,9127,92.6,261
IPC_ACID_ATTACK,IPC,OTHER_CRIME,False,float64,9127,92.6,8
IPC_ATTEMPT_TO_ACID_ATTACK,IPC,OTHER_CRIME,False,float64,9127,92.6,4
IPC_SEXUAL_HARASSMENT,IPC,RAPE_SEXUAL_OFFENCES,False,float64,9127,92.6,131
IPC_ASSAULT_OR_USE_OF_CRIMINAL_FORCE_TO_WOMEN_WITH_INTENT_TO_DISROBE,IPC,OTHER_CRIME,False,float64,9127,92.6,71
IPC_VOYEURISM,IPC,RAPE_SEXUAL_OFFENCES,False,float64,9127,92.6,20
IPC_STALKING,IPC,RAPE_SEXUAL_OFFENCES,False,float64,9127,92.6,61
IPC_OTHER_ASSAULT_ON_WOMEN,IPC,OTHER_CRIME,False,float64,9127,92.6,205
IPC_INSULT_TO_THE_MODESTY_OF_WOMEN,IPC,OTHER_CRIME,False,float64,9127,92.6,71
IPC_AT_OFFICE_PREMISES,IPC,OTHER_CRIME,False,float64,9127,92.6,6
IPC_OTHER_PLACES_RELATED_TO_WORK,IPC,OTHER_CRIME,False,float64,9127,92.6,15
IPC_IN_PUBLIC_TRANSPORT_SYSTEM,IPC,OTHER_CRIME,False,float64,9127,92.6,7
IPC_PLACES_OTHER_THAN_231_232_233,IPC,OTHER_CRIME,False,float64,9127,92.6,72
IPC_IMPORTATION_OF_GIRLS_FROM_FOREIGN_COUNTRY,IPC,OTHER_CRIME,False,float64,9127,92.6,5
IPC_DEATHS_DUE_TO_NEGLIGENT_DRIVING_ACT,IPC,OTHER_CRIME,False,float64,9127,92.6,324
IPC_DEATHS_DUE_TO_OTHER_CAUSES,IPC,OTHER_CRIME,False,float64,9127,92.6,59
IPC_OFFENCES_AGAINST_STATE,IPC,CRIMES_AGAINST_STATE,False,float64,9127,92.6,13
IPC_SEDITION,IPC,CRIMES_AGAINST_STATE,False,float64,9127,92.6,6
IPC_OTHER_OFFENCES_AGAINST_STATE,IPC,CRIMES_AGAINST_STATE,False,float64,9127,92.6,12
IPC_OFFENCES_PROMOTING_ENMITY_BETWEEN_DIFFERENT_GROUPS,IPC,OTHER_CRIME,False,float64,9127,92.6,14
IPC_PROMOTING_ENMITY_BETWEEN_DIFFERENT_GROUPS,IPC,OTHER_CRIME,False,float64,9127,92.6,14
IPC_IMPUTATION_ASSERTIONS_PREJUDICIAL_TO_NATIONAL_INTEGRATION,IPC,OTHER_CRIME,False,float64,9127,92.6,3
IPC_EXTORTION,IPC,EXTORTION,False,float64,9127,92.6,72
IPC_DISCLOSURE_OF_IDENTITY_OF_VICTIMS,IPC,OTHER_CRIME,False,float64,9127,92.6,3
IPC_INCIDENCE_OF_RASH_DRIVING,IPC,RASH_DRIVING,False,float64,9127,92.6,437
IPC_HUMANTRAFFICKING,IPC,HUMAN_TRAFFICKING,False,float64,9127,92.6,24
IPC_UNNATURAL_OFFENCE,IPC,UNNATURAL_OFFENCE,False,float64,9127,92.6,23
IPC_TOTAL_COGNIZABLE_IPC_CRIMES,IPC,OTHER_CRIME,True,float64,9127,92.6,686
SC_MURDER,SC,MURDER_HOMICIDE,False,float64,1003,10.18,21
SC_RAPE,SC,RAPE_SEXUAL_OFFENCES,False,float64,1003,10.18,32
SC_KIDNAPPING_AND_ABDUCTION,SC,KIDNAPPING_ABDUCTION,False,float64,1003,10.18,22
SC_DACOITY,SC,DACOITY_ROBBERY,False,float64,1003,10.18,8
SC_ROBBERY,SC,DACOITY_ROBBERY,False,float64,1003,10.18,13
SC_ARSON,SC,ARSON,False,float64,1003,10.18,16
SC_HURT,SC,HURT_ASSAULT,False,float64,1003,10.18,122
SC_PREVENTION_OF_ATROCITIES_POA_ACT,SC,OTHER_CRIME,False,float64,1003,10.18,207
SC_PROTECTION_OF_CIVIL_RIGHTS_PCR_ACT,SC,OTHER_CRIME,False,float64,1003,10.18,49
SC_OTHER_CRIMES_AGAINST_SCS,SC,OTHER_CRIME,True,float64,1003,10.18,270
SC_PROTECTION_OF_CIVIL_RIGHTS_ACT_1955,SC,OTHER_CRIME,False,float64,9128,92.61,9
SC_POA_MURDER,SC,MURDER_HOMICIDE,False,float64,9128,92.61,14
SC_POA_ATTEMPT_TO_COMMIT_MURDER,SC,MURDER_HOMICIDE,False,float64,9128,92.61,12
SC_POA_RAPE,SC,RAPE_SEXUAL_OFFENCES,False,float64,9128,92.61,27
SC_POA_ATTEMPT_TO_COMMIT_RAPE,SC,RAPE_SEXUAL_OFFENCES,False,float64,9128,92.61,8
SC_POA_ASSAULT_ON_WOMEN_WITH_INTENT_TO_OUTRAGE_HER_MODESTY,SC,RAPE_SEXUAL_OFFENCES,False,float64,9128,92.61,35
SC_POA_SEXUAL_HARASSMENT,SC,RAPE_SEXUAL_OFFENCES,False,float64,9128,92.61,20
SC_POA_ASSAULT_ON_WOMEN_WITH_INTENT_TO_DISROBE,SC,OTHER_CRIME,False,float64,9128,92.61,8
SC_POA_VOYEURISM,SC,RAPE_SEXUAL_OFFENCES,False,float64,9128,92.61,4
SC_POA_STALKING,SC,RAPE_SEXUAL_OFFENCES,False,float64,9128,92.61,7
SC_POA_OTHER_SEXUAL_HARASSMENT,SC,RAPE_SEXUAL_OFFENCES,False,float64,9128,92.61,31
SC_POA_INSULT_TO_THE_MODESTY_OF_WOMEN,SC,OTHER_CRIME,False,float64,9128,92.61,7
SC_POA_KIDNAPPING_ABDUCTION_GRANDTOTAL,SC,KIDNAPPING_ABDUCTION,True,float64,9128,92.61,17
SC_POA_KIDNAPING_ABDUCTION_TOTAL,SC,KIDNAPPING_ABDUCTION,True,float64,9128,92.61,9
SC_POA_KIDNAPING_ABDUCTION_IN_ORDER_TO_MURDER,SC,MURDER_HOMICIDE,False,float64,9128,92.61,3
SC_POA_KIDNAPPING_FOR_RANSOM,SC,KIDNAPPING_ABDUCTION,False,float64,9128,92.61,2
SC_POA_KIDNAPPING_ABDUCTION_OF_WOMEN_TO_COMPEL_HER_FOR_MARRIAGE,SC,KIDNAPPING_ABDUCTION,False,float64,9128,92.61,15
SC_POA_OTHER_KIDNAPPING,SC,KIDNAPPING_ABDUCTION,False,float64,9128,92.61,9
SC_POA_DACOITY,SC,DACOITY_ROBBERY,False,float64,9128,92.61,3
SC_POA_DACOITY_WITH_MURDER,SC,MURDER_HOMICIDE,False,float64,9128,92.61,1
SC_POA_OTHER_DACOITY,SC,DACOITY_ROBBERY,False,float64,9128,92.61,3
SC_POA_ROBBERY,SC,DACOITY_ROBBERY,False,float64,9128,92.61,5
SC_POA_ARSON,SC,ARSON,False,float64,9128,92.61,9
SC_POA_GRIEVOUS_HURT,SC,HURT_ASSAULT,False,float64,9128,92.61,36
SC_POA_HURT,SC,HURT_ASSAULT,False,float64,9128,92.61,36
SC_POA_ACID_ATTACK,SC,OTHER_CRIME,False,float64,9128,92.61,2
SC_POA_ATTEMPT_TO_ACID_ATTACK,SC,OTHER_CRIME,False,float64,9128,92.61,2
SC_POA_RIOTS,SC,RIOTS_PUBLIC_ORDER,False,float64,9128,92.61,23
SC_POA_OTHER_IPC_CRIMES,SC,OTHER_CRIME,True,float64,9128,92.61,133
SC_POA_SC_ST_PREVENTION_OF_ATROCITIES_ACT_ONLY,SC,OTHER_CRIME,False,float64,9128,92.61,84
SC_TOTAL_OF_SC_ST_PREVENTION_OF_ATROCITIES_ACT_1989,SC,OTHER_CRIME,True,float64,9128,92.61,185
SC_IPC_MURDER,SC,MURDER_HOMICIDE,False,float64,9128,92.61,9
SC_IPC_ATTEMPT_TO_COMMIT_MURDER,SC,MURDER_HOMICIDE,False,float64,9128,92.61,7
SC_IPC_RAPE,SC,RAPE_SEXUAL_OFFENCES,False,float64,9128,92.61,11
SC_IPC_ATTEMPT_TO_COMMIT_RAPE,SC,RAPE_SEXUAL_OFFENCES,False,float64,9128,92.61,5
SC_IPC_ASSAULT_ON_WOMEN_WITH_INTENT_TO_OUTRAGE_HER_MODESTY,SC,RAPE_SEXUAL_OFFENCES,False,float64,9128,92.61,19
SC_IPC_SEXUAL_HARASSMENT,SC,RAPE_SEXUAL_OFFENCES,False,float64,9128,92.61,7
SC_IPC_ASSAULT_ON_WOMEN_WITH_INTENT_TO_DISROBE,SC,OTHER_CRIME,False,float64,9128,92.61,7
SC_IPC_VOYEURISM,SC,RAPE_SEXUAL_OFFENCES,False,float64,9128,92.61,2
SC_IPC_STALKING,SC,RAPE_SEXUAL_OFFENCES,False,float64,9128,92.61,5
SC_IPC_OTHER_SEXUAL_HARASSMENT,SC,RAPE_SEXUAL_OFFENCES,False,float64,9128,92.61,14
SC_IPC_INSULT_TO_THE_MODESTY_OF_WOMEN,SC,OTHER_CRIME,False,float64,9128,92.61,7
SC_IPC_KIDNAPPING_ABDUCTION,SC,KIDNAPPING_ABDUCTION,False,float64,9128,92.61,10
SC_IPC_KIDNAPING_ABDUCTION,SC,KIDNAPPING_ABDUCTION,False,float64,9128,92.61,6
SC_IPC_KIDNAPING_ABDUCTION_IN_ORDER_TO_MURDER,SC,MURDER_HOMICIDE,False,float64,9128,92.61,1
SC_IPC_KIDNAPPING_FOR_RANSOM,SC,KIDNAPPING_ABDUCTION,False,float64,9128,92.61,2
SC_IPC_KIDNAPPING_ABDUCTION_OF_WOMEN_TO_COMPEL_HER_FOR_MARRIAGE,SC,KIDNAPPING_ABDUCTION,False,float64,9128,92.61,7
SC_IPC_OTHER_KIDNAPPING,SC,KIDNAPPING_ABDUCTION,False,float64,9128,92.61,6
SC_IPC_DACOITY,SC,DACOITY_ROBBERY,False,float64,9128,92.61,3
SC_IPC_DACOITY_WITH_MURDER,SC,MURDER_HOMICIDE,False,float64,9128,92.61,1
SC_IPC_OTHER_DACOITY,SC,DACOITY_ROBBERY,False,float64,9128,92.61,3
SC_IPC_ROBBERY,SC,DACOITY_ROBBERY,False,float64,9128,92.61,4
SC_IPC_ARSON,SC,ARSON,False,float64,9128,92.61,4
SC_IPC_GRIEVOUS_HURT,SC,HURT_ASSAULT,False,float64,9128,92.61,8
SC_IPC_HURT,SC,HURT_ASSAULT,False,float64,9128,92.61,8
SC_IPC_ACID_ATTACK,SC,OTHER_CRIME,False,float64,9128,92.61,1
SC_IPC_ATTEMPT_TO_ACID_ATTACK,SC,OTHER_CRIME,False,float64,9128,92.61,1
SC_IPC_RIOTS,SC,RIOTS_PUBLIC_ORDER,False,float64,9128,92.61,10
SC_IPC_OTHER_IPC_CRIMES,SC,OTHER_CRIME,True,float64,9128,92.61,46
SC_TOTAL_IPC_CRIMES_AGAINST_SCS,SC,OTHER_CRIME,True,float64,9128,92.61,51
SC_MANUAL_SCAVENGERS_AND_CONSTRUCTION_OF_DRY_LATRINES_P_ACT_1993,SC,OTHER_CRIME,False,float64,9128,92.61,1
SC_OTHER_SLL_CRIME_AGAINST_SCS,SC,OTHER_CRIME,False,float64,9128,92.61,12
SC_TOTAL_CRIMES_AGAINST_SCS,SC,OTHER_CRIME,True,float64,9128,92.61,195
ST_MURDER,ST,MURDER_HOMICIDE,False,float64,968,9.82,23
ST_RAPE,ST,RAPE_SEXUAL_OFFENCES,False,float64,968,9.82,39
ST_KIDNAPPING_ABDUCTION,ST,KIDNAPPING_ABDUCTION,False,float64,968,9.82,14
ST_DACOITY,ST,DACOITY_ROBBERY,False,float64,968,9.82,13
ST_ROBBERY,ST,DACOITY_ROBBERY,False,float64,968,9.82,15
ST_ARSON,ST,ARSON,False,float64,968,9.82,11
ST_HURT,ST,HURT_ASSAULT,False,float64,968,9.82,51
ST_PROTECTION_OF_CIVIL_RIGHTS_PCR_ACT,ST,OTHER_CRIME,False,float64,968,9.82,19
ST_PREVENTION_OF_ATROCITIES_POA_ACT,ST,OTHER_CRIME,False,float64,968,9.82,72
ST_OTHER_CRIMES_AGAINST_STS,ST,OTHER_CRIME,True,float64,968,9.82,99
ST_PROTECTION_OF_CIVIL_RIGHTS_ACT_1955,ST,OTHER_CRIME,False,float64,9128,92.61,2
ST_POA_MURDER,ST,MURDER_HOMICIDE,False,float64,9128,92.61,6
ST_POA_ATTEMPT_TO_COMMIT_MURDER,ST,MURDER_HOMICIDE,False,float64,9128,92.61,6
ST_POA_RAPE,ST,RAPE_SEXUAL_OFFENCES,False,float64,9128,92.61,21
ST_POA_ATTEMPT_TO_COMMIT_RAPE,ST,RAPE_SEXUAL_OFFENCES,False,float64,9128,92.61,4
ST_POA_ASSAULT_ON_WOMEN_WITH_INTENT_TO_OUTRAGE_HER_MODESTY,ST,RAPE_SEXUAL_OFFENCES,False,float64,9128,92.61,24
ST_POA_SEXUAL_HARASSMENT,ST,RAPE_SEXUAL_OFFENCES,False,float64,9128,92.61,11
ST_POA_ASSAULT_ON_WOMEN_WITH_INTENT_TO_DISROBE,ST,OTHER_CRIME,False,float64,9128,92.61,5
ST_POA_VOYEURISM,ST,RAPE_SEXUAL_OFFENCES,False,float64,9128,92.61,2
ST_POA_STALKING,ST,RAPE_SEXUAL_OFFENCES,False,float64,9128,92.61,4
ST_POA_OTHER_SEXUAL_HARASSMENT,ST,RAPE_SEXUAL_OFFENCES,False,float64,9128,92.61,16
ST_POA_INSULT_TO_THE_MODESTY_OF_WOMEN,ST,OTHER_CRIME,False,float64,9128,92.61,3
ST_POA_KIDNAPPING_ABDUCTION_GRANDTOTAL,ST,KIDNAPPING_ABDUCTION,True,float64,9128,92.61,9
ST_POA_KIDNAPING_ABDUCTION_TOTAL,ST,KIDNAPPING_ABDUCTION,True,float64,9128,92.61,6
ST_POA_KIDNAPING_ABDUCTION_IN_ORDER_TO_MURDER,ST,MURDER_HOMICIDE,False,float64,9128,92.61,1
ST_POA_KIDNAPPING_FOR_RANSOM,ST,KIDNAPPING_ABDUCTION,False,float64,9128,92.61,1
ST_POA_KIDNAPPING_ABDUCTION_OF_WOMEN_TO_COMPEL_HER_FOR_MARRIAGE,ST,KIDNAPPING_ABDUCTION,False,float64,9128,92.61,5
ST_POA_OTHER_KIDNAPPING,ST,KIDNAPPING_ABDUCTION,False,float64,9128,92.61,7
ST_POA_DACOITY,ST,DACOITY_ROBBERY,False,float64,9128,92.61,2
ST_POA_DACOITY_WITH_MURDER,ST,MURDER_HOMICIDE,False,float64,9128,92.61,1
ST_POA_OTHER_DACOITY,ST,DACOITY_ROBBERY,False,float64,9128,92.61,2
ST_POA_ROBBERY,ST,DACOITY_ROBBERY,False,float64,9128,92.61,3
ST_POA_ARSON,ST,ARSON,False,float64,9128,92.61,3
ST_POA_GRIEVOUS_HURT,ST,HURT_ASSAULT,False,float64,9128,92.61,15
ST_POA_HURT,ST,HURT_ASSAULT,False,float64,9128,92.61,15
ST_POA_ACID_ATTACK,ST,OTHER_CRIME,False,float64,9128,92.61,2
ST_POA_ATTEMPT_TO_ACID_ATTACK,ST,OTHER_CRIME,False,float64,9128,92.61,1
ST_POA_RIOTS,ST,RIOTS_PUBLIC_ORDER,False,float64,9128,92.61,5
ST_POA_OTHER_IPC_CRIMES,ST,OTHER_CRIME,True,float64,9128,92.61,48
ST_POA_SC_ST_PREVENTION_OF_ATROCITIES_ACT_ONLY,ST,OTHER_CRIME,False,float64,9128,92.61,28
ST_TOTAL_OF_SC_ST_PREVENTION_OF_ATROCITIES_ACT_1989,ST,OTHER_CRIME,True,float64,9128,92.61,68
ST_IPC_MURDER,ST,MURDER_HOMICIDE,False,float64,9128,92.61,7
ST_IPC_ATTEMPT_TO_COMMIT_MURDER,ST,MURDER_HOMICIDE,False,float64,9128,92.61,6
ST_IPC_RAPE,ST,RAPE_SEXUAL_OFFENCES,False,float64,9128,92.61,10
ST_IPC_ATTEMPT_TO_COMMIT_RAPE,ST,RAPE_SEXUAL_OFFENCES,False,float64,9128,92.61,4
ST_IPC_ASSAULT_ON_WOMEN_WITH_INTENT_TO_OUTRAGE_HER_MODESTY,ST,RAPE_SEXUAL_OFFENCES,False,float64,9128,92.61,14
ST_IPC_SEXUAL_HARASSMENT,ST,RAPE_SEXUAL_OFFENCES,False,float64,9128,92.61,7
ST_IPC_ASSAULT_ON_WOMEN_WITH_INTENT_TO_DISROBE,ST,OTHER_CRIME,False,float64,9128,92.61,6
ST_IPC_VOYEURISM,ST,RAPE_SEXUAL_OFFENCES,False,float64,9128,92.61,1
ST_IPC_STALKING,ST,RAPE_SEXUAL_OFFENCES,False,float64,9128,92.61,3
ST_IPC_OTHER_SEXUAL_HARASSMENT,ST,RAPE_SEXUAL_OFFENCES,False,float64,9128,92.61,12
ST_IPC_INSULT_TO_THE_MODESTY_OF_WOMEN,ST,OTHER_CRIME,False,float64,9128,92.61,5
ST_IPC_KIDNAPPING_ABDUCTION,ST,KIDNAPPING_ABDUCTION,False,float64,9128,92.61,10
ST_IPC_KIDNAPING_ABDUCTION,ST,KIDNAPPING_ABDUCTION,False,float64,9128,92.61,7
ST_IPC_KIDNAPING_ABDUCTION_IN_ORDER_TO_MURDER,ST,MURDER_HOMICIDE,False,float64,9128,92.61,1
ST_IPC_KIDNAPPING_FOR_RANSOM,ST,KIDNAPPING_ABDUCTION,False,float64,9128,92.61,2
ST_IPC_KIDNAPPING_ABDUCTION_OF_WOMEN_TO_COMPEL_HER_FOR_MARRIAGE,ST,KIDNAPPING_ABDUCTION,False,float64,9128,92.61,7
ST_IPC_OTHER_KIDNAPPING,ST,KIDNAPPING_ABDUCTION,False,float64,9128,92.61,4
ST_IPC_DACOITY,ST,DACOITY_ROBBERY,False,float64,9128,92.61,1
ST_IPC_DACOITY_WITH_MURDER,ST,MURDER_HOMICIDE,False,float64,9128,92.61,1
ST_IPC_OTHER_DACOITY,ST,DACOITY_ROBBERY,False,float64,9128,92.61,1
ST_IPC_ROBBERY,ST,DACOITY_ROBBERY,False,float64,9128,92.61,5
ST_IPC_ARSON,ST,ARSON,False,float64,9128,92.61,4
ST_IPC_GRIEVOUS_HURT,ST,HURT_ASSAULT,False,float64,9128,92.61,8
ST_IPC_HURT,ST,HURT_ASSAULT,False,float64,9128,92.61,8
ST_IPC_ACID_ATTACK,ST,OTHER_CRIME,False,float64,9128,92.61,1
ST_IPC_ATTEMPT_TO_ACID_ATTACK,ST,OTHER_CRIME,False,float64,9128,92.61,1
ST_IPC_RIOTS,ST,RIOTS_PUBLIC_ORDER,False,float64,9128,92.61,6
ST_IPC_OTHER_IPC_CRIMES,ST,OTHER_CRIME,True,float64,9128,92.61,30
ST_TOTAL_IPC_CRIMES_AGAINST_STS,ST,OTHER_CRIME,True,float64,9128,92.61,31
ST_MANUAL_SCAVENGERS_AND_CONSTRUCTION_OF_DRY_LATRINES_P_ACT_1993,ST,OTHER_CRIME,False,float64,9128,92.61,1
ST_OTHER_SLL_CRIME_AGAINST_STS,ST,OTHER_CRIME,False,float64,9128,92.61,9
ST_TOTAL_CRIMES_AGAINST_STS,ST,OTHER_CRIME,True,float64,9128,92.61,79
CHILDREN_MURDER,CHILDREN,MURDER_HOMICIDE,False,float64,1737,17.62,42
CHILDREN_RAPE,CHILDREN,RAPE_SEXUAL_OFFENCES,False,float64,1002,10.17,109
CHILDREN_KIDNAPPING_AND_ABDUCTION,CHILDREN,KIDNAPPING_ABDUCTION,False,float64,1002,10.17,227
CHILDREN_FOETICIDE,CHILDREN,OTHER_CRIME,False,float64,1002,10.17,19
CHILDREN_ABETMENT_OF_SUICIDE,CHILDREN,OTHER_CRIME,False,float64,1002,10.17,14
CHILDREN_EXPOSURE_AND_ABANDONMENT,CHILDREN,OTHER_CRIME,False,float64,1002,10.17,37
CHILDREN_PROCURATION_OF_MINOR_GIRLS,CHILDREN,OTHER_CRIME,False,float64,1002,10.17,53
CHILDREN_BUYING_OF_GIRLS_FOR_PROSTITUTION,CHILDREN,OTHER_CRIME,False,float64,1002,10.17,15
CHILDREN_SELLING_OF_GIRLS_FOR_PROSTITUTION,CHILDREN,OTHER_CRIME,False,float64,1002,10.17,27
CHILDREN_PROHIBITION_OF_CHILD_MARRIAGE_ACT,CHILDREN,OTHER_CRIME,False,float64,1002,10.17,16
CHILDREN_OTHER_CRIMES,CHILDREN,OTHER_CRIME,True,float64,1002,10.17,194
CHILDREN_TOTAL,CHILDREN,OTHER_CRIME,True,float64,992,10.06,358
CHILDREN_INFANTICID,CHILDREN,OTHER_CRIME,False,float64,9121,92.54,6
CHILDREN_OTHER_MURDER,CHILDREN,MURDER_HOMICIDE,False,float64,9121,92.54,20
WOMEN_RAPE,WOMEN,RAPE_SEXUAL_OFFENCES,False,float64,226,2.29,265
WOMEN_KIDNAPPING_AND_ABDUCTION,WOMEN,KIDNAPPING_ABDUCTION,False,float64,954,9.68,331
WOMEN_DOWRY_DEATHS,WOMEN,DOWRY_DEATH,False,float64,226,2.29,128
WOMEN_ASSAULT_ON_WOMEN_WITH_INTENT_TO_OUTRAGE_HER_MODESTY,WOMEN,RAPE_SEXUAL_OFFENCES,False,float64,954,9.68,399
WOMEN_INSULT_TO_MODESTY_OF_WOMEN,WOMEN,RAPE_SEXUAL_OFFENCES,False,float64,954,9.68,264
WOMEN_CRUELTY_BY_HUSBAND_OR_HIS_RELATIVES,WOMEN,OTHER_CRIME,False,float64,226,2.29,732
WOMEN_IMPORTATION_OF_GIRLS,WOMEN,OTHER_CRIME,False,float64,954,9.68,24
WOMEN_CUSTODIAL_RAPE,WOMEN,RAPE_SEXUAL_OFFENCES,False,float64,9128,92.61,15
WOMEN_CUSTODIAL_GANG_RAPE,WOMEN,RAPE_SEXUAL_OFFENCES,False,float64,9128,92.61,3
WOMEN_CUSTODIAL_OTHER_RAPE,WOMEN,RAPE_SEXUAL_OFFENCES,False,float64,9128,92.61,14
WOMEN_RAPE_OTHER_THAN_CUSTODIAL,WOMEN,RAPE_SEXUAL_OFFENCES,False,float64,9128,92.61,158
WOMEN_RAPE_GANG_RAPE,WOMEN,RAPE_SEXUAL_OFFENCES,False,float64,9128,92.61,33
WOMEN_RAPE_OTHERS,WOMEN,RAPE_SEXUAL_OFFENCES,False,float64,9128,92.61,156
WOMEN_ATTEMPT_TO_COMMIT_RAPE,WOMEN,RAPE_SEXUAL_OFFENCES,False,float64,9128,92.61,54
WOMEN_KIDNAPPING_ABDUCTION_TOTAL,WOMEN,KIDNAPPING_ABDUCTION,True,float64,9128,92.61,227
WOMEN_KIDNAPING_ABDUCTION,WOMEN,KIDNAPPING_ABDUCTION,False,float64,9128,92.61,119
WOMEN_KIDNAPING_ABDUCTION_IN_ORDER_TO_MURDER,WOMEN,MURDER_HOMICIDE,False,float64,9128,92.61,9
WOMEN_KIDNAPPING_FOR_RANSOM,WOMEN,KIDNAPPING_ABDUCTION,False,float64,9128,92.61,7
WOMEN_KIDNAPPING_ABDUCTION_OF_WOMEN_TO_COMPEL_HER_FOR_MARRIAGE,WOMEN,KIDNAPPING_ABDUCTION,False,float64,9128,92.61,170
WOMEN_KIDNAPING_ABDUCTION_OTHERS,WOMEN,KIDNAPPING_ABDUCTION,False,float64,9128,92.61,85
WOMEN_ASSAULT_ON_WOMEN_WITH_INTENT_TO_OUTRAGE_HER_MODESTY_TOTAL,WOMEN,RAPE_SEXUAL_OFFENCES,True,float64,9128,92.61,271
WOMEN_SEXUAL_HARASSMENT,WOMEN,RAPE_SEXUAL_OFFENCES,False,float64,9128,92.61,131
WOMEN_ASSAULT_ON_WOMEN_WITH_INTENT_TO_DISROBE,WOMEN,OTHER_CRIME,False,float64,9128,92.61,71
WOMEN_VOYEURISM,WOMEN,RAPE_SEXUAL_OFFENCES,False,float64,9128,92.61,20
WOMEN_STALKING,WOMEN,RAPE_SEXUAL_OFFENCES,False,float64,9128,92.61,61
WOMEN_OTHERS,WOMEN,OTHER_CRIME,False,float64,9128,92.61,205
WOMEN_INSULT_TO_THE_MODESTY_OF_WOMEN_TOTAL,WOMEN,OTHER_CRIME,True,float64,9128,92.61,71
WOMEN_AT_OFFICE_PREMISES,WOMEN,OTHER_CRIME,False,float64,9128,92.61,6
WOMEN_IN_PLACES_RELATED_TO_WORK,WOMEN,OTHER_CRIME,False,float64,9128,92.61,15
WOMEN_IN_PUBLIC_TRANSPORT_SYSTEM,WOMEN,OTHER_CRIME,False,float64,9128,92.61,7
WOMEN_IN_OTHER_PLACES,WOMEN,OTHER_CRIME,False,float64,9128,92.61,72
WOMEN_IMPORTATION_OF_GIRLS_FROM_FOREIGN_COUNTRY,WOMEN,OTHER_CRIME,False,float64,9128,92.61,5
WOMEN_MURDER,WOMEN,MURDER_HOMICIDE,False,float64,9128,92.61,57
WOMEN_ATTEMPT_TO_COMMIT_MURDER,WOMEN,MURDER_HOMICIDE,False,float64,9128,92.61,48
WOMEN_CULPABLE_HOMICIDE_NOT_AMOUNTING_TO_MURDER,WOMEN,MURDER_HOMICIDE,False,float64,9128,92.61,11
WOMEN_ATTEMPT_TO_COMMIT_CULPABLE_HOMICIDE,WOMEN,MURDER_HOMICIDE,False,float64,9128,92.61,16
WOMEN_GRIEVOUS_HURT,WOMEN,HURT_ASSAULT,False,float64,9128,92.61,75
WOMEN_HURT,WOMEN,HURT_ASSAULT,False,float64,9128,92.61,73
WOMEN_ACID_ATTACK,WOMEN,OTHER_CRIME,False,float64,9128,92.61,6
WOMEN_ATTEMPT_TO_ACID_ATTACK,WOMEN,OTHER_CRIME,False,float64,9128,92.61,3
WOMEN_DEATHS_CAUSED_WITH_INTENT_TO_CAUSE_MISCARRIAGE,WOMEN,OTHER_CRIME,False,float64,9128,92.61,2
WOMEN_CAUSING_MISCARRIAGE_WITHOUT_CONSENT_OF_WOMEN,WOMEN,OTHER_CRIME,False,float64,9128,92.61,8
WOMEN_DACOITY_TOTAL,WOMEN,DACOITY_ROBBERY,True,float64,9128,92.61,12
WOMEN_DACOITY_WITH_MURDER,WOMEN,MURDER_HOMICIDE,False,float64,9128,92.61,2
WOMEN_OTHER_DACOITY,WOMEN,DACOITY_ROBBERY,False,float64,9128,92.61,12
WOMEN_ROBBERY,WOMEN,DACOITY_ROBBERY,False,float64,9128,92.61,71
WOMEN_ARSON,WOMEN,ARSON,False,float64,9128,92.61,11
WOMEN_HUMANTRAFFICKING,WOMEN,HUMAN_TRAFFICKING,False,float64,9128,92.61,17
WOMEN_ABETMENT_OF_SUICIDES_OF_WOMEN,WOMEN,OTHER_CRIME,False,float64,9128,92.61,49
WOMEN_UNNATURAL_OFFENCES,WOMEN,UNNATURAL_OFFENCE,False,float64,9128,92.61,5
WOMEN_OTHER_IPC_CRIMES,WOMEN,OTHER_CRIME,True,float64,9128,92.61,198
WOMEN_DOWRY_PROHIBITION_ACT_1961,WOMEN,OTHER_CRIME,False,float64,9128,92.61,91
WOMEN_INDECENT_REPRESENTATION_OF_WOMEN_P_ACT_1986,WOMEN,OTHER_CRIME,False,float64,9128,92.61,6
WOMEN_COMMISSION_OF_SATI_PREVENTION_ACT_1987,WOMEN,OTHER_CRIME,False,float64,9128,92.61,1
WOMEN_PROTECTION_OF_WOMEN_FROM_DOMESTIC_VIOLENCE_ACT_2005,WOMEN,OTHER_CRIME,False,float64,9128,92.61,15
WOMEN_IMMORAL_TRAFFIC_PREVENTION_ACT,WOMEN,OTHER_CRIME,False,float64,9128,92.61,29
WOMEN_ITP_UNDER_SECTION_5,WOMEN,OTHER_CRIME,False,float64,9128,92.61,17
WOMEN_ITP_UNDER_SECTION_6,WOMEN,OTHER_CRIME,False,float64,9128,92.61,7
WOMEN_ITP_UNDER_SECTION_7,WOMEN,OTHER_CRIME,False,float64,9128,92.61,9
WOMEN_ITP_UNDER_SECTION_8,WOMEN,OTHER_CRIME,False,float64,9128,92.61,8
WOMEN_ITP_UNDER_OTHER_SECTIONS,WOMEN,OTHER_CRIME,False,float64,9128,92.61,22
WOMEN_OTHER_SLL_CRIMES_AGAINST_WOMEN,WOMEN,OTHER_CRIME,False,float64,9128,92.61,90
WOMEN_TOTAL_CRIMES_AGAINST_WOMEN,WOMEN,OTHER_CRIME,True,float64,9128,92.61,516
IPC_AVAILABLE,AVAILABILITY,AVAILABILITY,False,bool,0,0.0,2
SC_AVAILABLE,AVAILABILITY,AVAILABILITY,False,bool,0,0.0,2
ST_AVAILABLE,AVAILABILITY,AVAILABILITY,False,bool,0,0.0,2
CHILDREN_AVAILABLE,AVAILABILITY,AVAILABILITY,False,bool,0,0.0,2
WOMEN_AVAILABLE,AVAILABILITY,AVAILABILITY,False,bool,0,0.0,2
IPC_ASSAULT_ON_WOMEN_WITH_INTENT_TO_OUTRAGE_HER_MODESTY,IPC,RAPE_SEXUAL_OFFENCES,False,float64,225,2.28,432
IPC_AUTO_THEFT,IPC,THEFT_BURGLARY_TRESPASS,False,float64,225,2.28,1015
IPC_CAUSING_DEATH_BY_NEGLIGENCE,IPC,OTHER_CRIME,False,float64,225,2.28,696
IPC_CRIMINAL_BREACH_OF_TRUST,IPC,CRIMINAL_BREACH_OF_TRUST,False,float64,225,2.28,276
IPC_CRUELTY_BY_HUSBAND_OR_HIS_RELATIVES,IPC,OTHER_CRIME,False,float64,225,2.28,732
IPC_CULPABLE_HOMICIDE_NOT_AMOUNTING_TO_MURDER,IPC,MURDER_HOMICIDE,False,float64,225,2.28,95
IPC_CUSTODIAL_RAPE,IPC,RAPE_SEXUAL_OFFENCES,False,float64,225,2.28,16
IPC_DOWRY_DEATHS,IPC,DOWRY_DEATH,False,float64,225,2.28,128
IPC_KIDNAPPING_ABDUCTION,IPC,KIDNAPPING_ABDUCTION,False,float64,225,2.28,413
IPC_OTHER_IPC_CRIMES,IPC,OTHER_CRIME,True,float64,225,2.28,3072
