feature,observed_sum,mean,median,non_missing,missing_pct
IPC_TOTAL_IPC_CRIMES,27510125.0,3090.3308245338126,1947.5,8902,9.679383116883116
IPC_OTHER_IPC_CRIMES,12066571.0,1252.888692762953,697.0,9631,2.282873376623377
IPC_THEFT,4543734.0,471.7821617692867,201.0,9631,2.282873376623377
IPC_HURT_GREVIOUS_HURT,3702045.0,415.86665917771285,182.0,8902,9.679383116883116
IPC_TOTAL_COGNIZABLE_IPC_CRIMES,2540164.0,3484.4499314128943,2469.0,729,92.60349025974025
IPC_OTHER_THEFT,2538092.0,285.1148056616491,139.0,8902,9.679383116883116
IPC_AUTO_THEFT,1789219.0,185.7770740317724,46.0,9631,2.282873376623377
IPC_BURGLARY,1247259.0,140.10997528645248,78.0,8902,9.679383116883116
IPC_CAUSING_DEATH_BY_NEGLIGENCE,1218156.0,126.48281590696709,68.0,9631,2.282873376623377
IPC_CRUELTY_BY_HUSBAND_OR_HIS_RELATIVES,1156619.0,120.09334440868031,47.0,9631,2.282873376623377
WOMEN_CRUELTY_BY_HUSBAND_OR_HIS_RELATIVES,1156619.0,120.10581516095534,47.0,9630,2.2930194805194803
IPC_CHEATING,1015122.0,105.4015159381165,36.0,9631,2.282873376623377
IPC_RIOTS,907929.0,94.27151905305783,42.0,9631,2.282873376623377
IPC_ASSAULT_ON_WOMEN_WITH_INTENT_TO_OUTRAGE_HER_MODESTY,638532.0,66.29965735645312,31.0,9631,2.282873376623377
WOMEN_ASSAULT_ON_WOMEN_WITH_INTENT_TO_OUTRAGE_HER_MODESTY,563338.0,63.28218377892608,30.0,8902,9.679383116883116
IPC_KIDNAPPING_ABDUCTION,515072.0,53.480635448032395,24.0,9631,2.282873376623377
IPC_MURDER,480337.0,49.87405253867719,36.0,9631,2.282873376623377
WOMEN_TOTAL_CRIMES_AGAINST_WOMEN,418711.0,575.1524725274726,382.0,728,92.61363636363636
IPC_ATTEMPT_TO_MURDER,405750.0,45.5796450235902,27.0,8902,9.679383116883116
WOMEN_KIDNAPPING_AND_ABDUCTION,367385.0,41.26993933947428,18.0,8902,9.679383116883116
IPC_KIDNAPPING_AND_ABDUCTION_OF_WOMEN_AND_GIRLS,367385.0,41.26993933947428,18.0,8902,9.679383116883116
IPC_INCIDENCE_OF_RASH_DRIVING,338286.0,464.0411522633745,177.0,729,92.60349025974025
IPC_RAPE,334992.0,34.78268092617589,21.0,9631,2.282873376623377
WOMEN_RAPE,334992.0,34.786292834890965,21.0,9630,2.2930194805194803
IPC_ROBBERY,331168.0,34.385629737306616,16.0,9631,2.282873376623377
IPC_OTHER_RAPE,298749.0,33.55976185126938,20.0,8902,9.679383116883116
CHILDREN_TOTAL,295512.0,33.338447653429604,10.0,8864,10.064935064935066
IPC_CRIMINAL_BREACH_OF_TRUST,233691.0,24.264458519364553,11.0,9631,2.282873376623377
IPC_OTHER_THEFTS,216423.0,296.87654320987656,135.0,729,92.60349025974025
SC_OTHER_CRIMES_AGAINST_SCS,167992.0,18.975714447080087,2.0,8853,10.176542207792208
IPC_INSULT_TO_MODESTY_OF_WOMEN,139268.0,15.64457425297686,1.0,8902,9.679383116883116
WOMEN_INSULT_TO_MODESTY_OF_WOMEN,139268.0,15.64457425297686,1.0,8902,9.679383116883116
IPC_ARSON,131405.0,13.643962205378465,7.0,9631,2.282873376623377
SC_PREVENTION_OF_ATROCITIES_POA_ACT,129900.0,14.672992206031854,1.0,8853,10.176542207792208
IPC_KIDNAPPING_AND_ABDUCTION_OF_OTHERS,124053.0,13.935407773534036,5.0,8902,9.679383116883116
CHILDREN_KIDNAPPING_AND_ABDUCTION,114258.0,12.904675852721933,1.0,8854,10.166396103896105
WOMEN_DOWRY_DEATHS,113501.0,11.786188992731049,5.0,9630,2.2930194805194803
IPC_DOWRY_DEATHS,113501.0,11.784965216488423,5.0,9631,2.282873376623377
IPC_DEATHS_DUE_TO_NEGLIGENT_DRIVING_ACT,110584.0,151.69272976680384,114.0,729,92.60349025974025
IPC_CRIMINAL_TRESPASS_BURGLARY,102496.0,140.5980795610425,82.0,729,92.60349025974025
IPC_GRIEVOUS_HURT,100244.0,137.50891632373114,42.0,729,92.60349025974025
IPC_HURT,100001.0,137.1755829903978,42.0,729,92.60349025974025
CHILDREN_OTHER_CRIMES,78468.0,8.862435057601084,0.0,8854,10.166396103896105
IPC_CRIMINAL_TRESPASS_OR_BURGLARY,76239.0,104.58024691358025,51.0,729,92.60349025974025
WOMEN_ASSAULT_ON_WOMEN_WITH_INTENT_TO_OUTRAGE_HER_MODESTY_TOTAL,75194.0,103.28846153846153,60.0,728,92.61363636363636
IPC_KIDNAPPING_ABDUCTION_TOTAL,73565.0,100.9122085048011,61.0,729,92.60349025974025
IPC_DACOITY,68402.0,7.102273907174748,3.0,9631,2.282873376623377
CHILDREN_RAPE,66039.0,7.458662751298848,2.0,8854,10.166396103896105
WOMEN_OTHER_IPC_CRIMES,59535.0,81.77884615384616,0.0,728,92.61363636363636
IPC_RIOTS_OTHERS,55628.0,76.30727023319616,28.0,729,92.60349025974025
WOMEN_KIDNAPPING_ABDUCTION_TOTAL,54723.0,75.16895604395604,45.0,728,92.61363636363636
IPC_CULPABLE_HOMICIDE_NOT_AMOUNTING_TO_MURDER,53788.0,5.584882151386149,2.0,9631,2.282873376623377
SC_HURT,50121.0,5.661470687902406,0.0,8853,10.176542207792208
SC_TOTAL_CRIMES_AGAINST_SCS,43944.0,60.362637362637365,24.0,728,92.61363636363636
WOMEN_OTHERS,43854.0,60.239010989010985,25.0,728,92.61363636363636
IPC_OTHER_ASSAULT_ON_WOMEN,43854.0,60.15637860082305,25.0,729,92.60349025974025
IPC_ATTEMPT_TO_COMMIT_MURDER,39098.0,53.6323731138546,30.0,729,92.60349025974025
SC_TOTAL_OF_SC_ST_PREVENTION_OF_ATROCITIES_ACT_1989,38256.0,52.54945054945055,21.0,728,92.61363636363636
ST_OTHER_CRIMES_AGAINST_STS,37693.0,4.240886588658866,0.0,8888,9.821428571428571
IPC_PREPARATION_AND_ASSEMBLY_FOR_DACOITY,37224.0,4.18153223994608,0.0,8902,9.679383116883116
IPC_RAPE_OTHER_THAN_CUSTODIAL,36017.0,49.40603566529492,35.0,729,92.60349025974025
WOMEN_RAPE_OTHER_THAN_CUSTODIAL,36017.0,49.4739010989011,35.0,728,92.61363636363636
IPC_RAPE_OTHERS,33750.0,46.2962962962963,33.0,729,92.60349025974025
WOMEN_RAPE_OTHERS,33750.0,46.35989010989011,33.0,728,92.61363636363636
WOMEN_KIDNAPPING_ABDUCTION_OF_WOMEN_TO_COMPEL_HER_FOR_MARRIAGE,29383.0,40.36126373626374,14.0,728,92.61363636363636
IPC_KIDNAPPING_ABDUCTION_OF_WOMEN_TO_COMPEL_HER_FOR_MARRIAGE,29383.0,40.305898491083674,14.0,729,92.60349025974025
IPC_COUNTERFIETING,29370.0,3.2992585935744776,1.0,8902,9.679383116883116
IPC_HOUSE_TRESPASS_HOUSE_BREAKING,26257.0,36.01783264746228,4.0,729,92.60349025974025
SC_POA_OTHER_IPC_CRIMES,20679.0,28.40521978021978,3.0,728,92.61363636363636
IPC_SEXUAL_HARASSMENT,20288.0,27.829903978052126,5.0,729,92.60349025974025
WOMEN_SEXUAL_HARASSMENT,20288.0,27.86813186813187,5.5,728,92.61363636363636
IPC_OTHER_KIDNAPPING,18455.0,25.315500685871058,7.0,729,92.60349025974025
SC_RAPE,17079.0,1.9291765503219247,0.0,8853,10.176542207792208
ST_PREVENTION_OF_ATROCITIES_POA_ACT,16804.0,1.8906390639063906,0.0,8888,9.821428571428571
WOMEN_KIDNAPING_ABDUCTION,16141.0,22.171703296703296,0.0,728,92.61363636363636
CHILDREN_MURDER,16100.0,1.9830028328611897,0.0,8119,17.623782467532468
WOMEN_OTHER_SLL_CRIMES_AGAINST_WOMEN,11119.0,15.273351648351648,0.0,728,92.61363636363636
ST_TOTAL_CRIMES_AGAINST_STS,10850.0,14.903846153846153,0.0,728,92.61363636363636
ST_HURT,10827.0,1.218159315931593,0.0,8888,9.821428571428571
IPC_FORGERY,10561.0,14.486968449931412,0.0,729,92.60349025974025
WOMEN_GRIEVOUS_HURT,9409.0,12.92445054945055,2.0,728,92.61363636363636
CHILDREN_EXPOSURE_AND_ABANDONMENT,9393.0,1.0608764400271065,0.0,8854,10.166396103896105
WOMEN_HURT,9240.0,12.692307692307692,2.0,728,92.61363636363636
WOMEN_DOWRY_PROHIBITION_ACT_1961,9046.0,12.425824175824175,0.0,728,92.61363636363636
WOMEN_ROBBERY,9005.0,12.369505494505495,0.0,728,92.61363636363636
WOMEN_KIDNAPING_ABDUCTION_OTHERS,8917.0,12.248626373626374,0.0,728,92.61363636363636
ST_RAPE,8850.0,0.9957245724572458,0.0,8888,9.821428571428571
IPC_UNLAWFUL_ASSEMBLY,8694.0,11.925925925925926,0.0,729,92.60349025974025
WOMEN_INSULT_TO_THE_MODESTY_OF_WOMEN_TOTAL,8467.0,11.630494505494505,0.0,728,92.61363636363636
IPC_INSULT_TO_THE_MODESTY_OF_WOMEN,8467.0,11.614540466392318,0.0,729,92.60349025974025
SC_POA_SC_ST_PREVENTION_OF_ATROCITIES_ACT_ONLY,8245.0,11.32554945054945,0.0,728,92.61363636363636
SC_MURDER,8230.0,0.9296283745622953,0.0,8853,10.176542207792208
WOMEN_MURDER,8127.0,11.163461538461538,8.0,728,92.61363636363636
WOMEN_IN_OTHER_PLACES,7881.0,10.82554945054945,0.0,728,92.61363636363636
IPC_PLACES_OTHER_THAN_231_232_233,7881.0,10.810699588477366,0.0,729,92.60349025974025
IPC_EXTORTION,7429.0,10.190672153635116,2.0,729,92.60349025974025
ST_TOTAL_OF_SC_ST_PREVENTION_OF_ATROCITIES_ACT_1989,6401.0,8.792582417582418,0.0,728,92.61363636363636
WOMEN_ATTEMPT_TO_COMMIT_MURDER,6218.0,8.541208791208792,1.0,728,92.61363636363636
IPC_ASSAULT_OR_USE_OF_CRIMINAL_FORCE_TO_WOMEN_WITH_INTENT_TO_DISROBE,6173.0,8.467764060356654,0.0,729,92.60349025974025
WOMEN_ASSAULT_ON_WOMEN_WITH_INTENT_TO_DISROBE,6173.0,8.479395604395604,0.0,728,92.61363636363636
IPC_DEATHS_DUE_TO_OTHER_CAUSES,5692.0,7.8079561042524,0.0,729,92.60349025974025
SC_TOTAL_IPC_CRIMES_AGAINST_SCS,5439.0,7.471153846153846,0.0,728,92.61363636363636
SC_KIDNAPPING_AND_ABDUCTION,5162.0,0.5830791821981249,0.0,8853,10.176542207792208
CHILDREN_PROCURATION_OF_MINOR_GIRLS,5026.0,0.5676530381748363,0.0,8854,10.166396103896105
SC_IPC_OTHER_IPC_CRIMES,4431.0,6.086538461538462,0.0,728,92.61363636363636
ST_TOTAL_IPC_CRIMES_AGAINST_STS,4346.0,5.96978021978022,0.0,728,92.61363636363636
WOMEN_STALKING,4267.0,5.861263736263736,0.0,728,92.61363636363636
IPC_STALKING,4267.0,5.8532235939643344,0.0,729,92.60349025974025
WOMEN_ATTEMPT_TO_COMMIT_RAPE,4187.0,5.751373626373627,0.0,728,92.61363636363636
IPC_ATTEMPT_TO_COMMIT_RAPE,4187.0,5.743484224965706,0.0,729,92.60349025974025
SC_PROTECTION_OF_CIVIL_RIGHTS_PCR_ACT,4026.0,0.4547610979329041,0.0,8853,10.176542207792208
IPC_OTHER_DACOITY,3811.0,5.227709190672154,3.0,729,92.60349025974025
IPC_ATTEMPT_TO_COMMIT_CULPABLE_HOMICIDE,3655.0,5.013717421124828,0.0,729,92.60349025974025
WOMEN_ABETMENT_OF_SUICIDES_OF_WOMEN,3270.0,4.491758241758242,0.0,728,92.61363636363636
ST_IPC_OTHER_IPC_CRIMES,3007.0,4.1304945054945055,0.0,728,92.61363636363636
ST_POA_OTHER_IPC_CRIMES,2837.0,3.896978021978022,0.0,728,92.61363636363636
SC_ARSON,2792.0,0.3153733197786061,0.0,8853,10.176542207792208
IPC_MAKING_PREPARATION_AND_ASSEMBLY_FOR_COMMITTING_DACOITY,2318.0,3.179698216735254,0.0,729,92.60349025974025
IPC_RAPE_GANG_RAPE,2267.0,3.1097393689986284,0.0,729,92.60349025974025
WOMEN_RAPE_GANG_RAPE,2267.0,3.114010989010989,0.0,728,92.61363636363636
SC_POA_ASSAULT_ON_WOMEN_WITH_INTENT_TO_OUTRAGE_HER_MODESTY,2213.0,3.0398351648351647,0.0,728,92.61363636363636
SC_POA_GRIEVOUS_HURT,2093.0,2.875,0.0,728,92.61363636363636
SC_POA_HURT,2088.0,2.868131868131868,0.0,728,92.61363636363636
SC_POA_RAPE,2081.0,2.8585164835164836,1.0,728,92.61363636363636
ST_MURDER,2009.0,0.22603510351035103,0.0,8888,9.821428571428571
IPC_COUNTERFEITING,1703.0,2.336076817558299,0.0,729,92.60349025974025
IPC_RIOTS_POLITICAL,1572.0,2.156378600823045,0.0,729,92.60349025974025
CHILDREN_OTHER_MURDER,1546.0,2.103401360544218,1.0,735,92.54261363636364
WOMEN_IMMORAL_TRAFFIC_PREVENTION_ACT,1532.0,2.1043956043956045,0.0,728,92.61363636363636
IPC_KIDNAPPING_ABDUCTION_IN_ORDER_TO_MURDER,1502.0,2.0603566529492454,0.0,729,92.60349025974025
IPC_RIOTS_CASTE_CONFLICT,1427.0,1.9574759945130316,0.0,729,92.60349025974025
CHILDREN_FOETICIDE,1422.0,0.1606053761011972,0.0,8854,10.166396103896105
IPC_COUNTERFEIT_CURRENCY_BANK_NOTES,1397.0,1.916323731138546,0.0,729,92.60349025974025
CHILDREN_PROHIBITION_OF_CHILD_MARRIAGE_ACT,1239.0,0.13993675175062117,0.0,8854,10.166396103896105
ST_KIDNAPPING_ABDUCTION,1193.0,0.13422592259225924,0.0,8888,9.821428571428571
SC_POA_OTHER_SEXUAL_HARASSMENT,1179.0,1.6195054945054945,0.0,728,92.61363636363636
IPC_RIOTS_COMMUNAL,1130.0,1.5500685871056241,0.0,729,92.60349025974025
IPC_RIOTS_OTHER_CASTE_CONFLICT,1127.0,1.5459533607681757,0.0,729,92.60349025974025
IPC_UNNATURAL_OFFENCE,1074.0,1.4732510288065843,0.0,729,92.60349025974025
ST_POA_SC_ST_PREVENTION_OF_ATROCITIES_ACT_ONLY,1071.0,1.4711538461538463,0.0,728,92.61363636363636
SC_ROBBERY,960.0,0.10843781768891901,0.0,8853,10.176542207792208
IPC_IMPORTATION_OF_GIRLS_FROM_FOREIGN_COUNTRIES,949.0,0.1066052572455628,0.0,8902,9.679383116883116
WOMEN_IMPORTATION_OF_GIRLS,949.0,0.1066052572455628,0.0,8902,9.679383116883116
ST_POA_RAPE,868.0,1.1923076923076923,0.0,728,92.61363636363636
WOMEN_ITP_UNDER_OTHER_SECTIONS,862.0,1.184065934065934,0.0,728,92.61363636363636
CHILDREN_SELLING_OF_GIRLS_FOR_PROSTITUTION,854.0,0.09645358030268805,0.0,8854,10.166396103896105
ST_POA_ASSAULT_ON_WOMEN_WITH_INTENT_TO_OUTRAGE_HER_MODESTY,803.0,1.103021978021978,0.0,728,92.61363636363636
SC_POA_SEXUAL_HARASSMENT,791.0,1.0865384615384615,0.0,728,92.61363636363636
SC_POA_RIOTS,766.0,1.0521978021978022,0.0,728,92.61363636363636
CHILDREN_ABETMENT_OF_SUICIDE,736.0,0.0831262706121527,0.0,8854,10.166396103896105
SC_POA_KIDNAPPING_ABDUCTION_GRANDTOTAL,728.0,1.0,0.0,728,92.61363636363636
IPC_HUMANTRAFFICKING,692.0,0.9492455418381345,0.0,729,92.60349025974025
SC_POA_MURDER,673.0,0.9244505494505495,0.0,728,92.61363636363636
IPC_VOYEURISM,612.0,0.8395061728395061,0.0,729,92.60349025974025
WOMEN_VOYEURISM,612.0,0.8406593406593407,0.0,728,92.61363636363636
IPC_RIOTS_AGRARIAN,606.0,0.831275720164609,0.0,729,92.60349025974025
IPC_COUNTERFEITING_CURRENCY_NOTES_BANK_NOTES,595.0,0.8161865569272977,0.0,729,92.60349025974025
IPC_KIDNAPPING_FOR_RANSOM,591.0,0.8106995884773662,0.0,729,92.60349025974025
IPC_USING_FORGED_OR_COUNTERFEITING_CURRENCY_BANK_NOTES,556.0,0.7626886145404664,0.0,729,92.60349025974025
ST_ARSON,545.0,0.06131863186318632,0.0,8888,9.821428571428571
ST_POA_OTHER_SEXUAL_HARASSMENT,483.0,0.6634615384615384,0.0,728,92.61363636363636
WOMEN_CULPABLE_HOMICIDE_NOT_AMOUNTING_TO_MURDER,450.0,0.6181318681318682,0.0,728,92.61363636363636
WOMEN_ARSON,443.0,0.6085164835164835,0.0,728,92.61363636363636
WOMEN_HUMANTRAFFICKING,443.0,0.6085164835164835,0.0,728,92.61363636363636
ST_IPC_ASSAULT_ON_WOMEN_WITH_INTENT_TO_OUTRAGE_HER_MODESTY,442.0,0.6071428571428571,0.0,728,92.61363636363636
WOMEN_ITP_UNDER_SECTION_5,437.0,0.6002747252747253,0.0,728,92.61363636363636
WOMEN_IN_PLACES_RELATED_TO_WORK,437.0,0.6002747252747253,0.0,728,92.61363636363636
IPC_OTHER_PLACES_RELATED_TO_WORK,437.0,0.5994513031550068,0.0,729,92.60349025974025
ST_PROTECTION_OF_CIVIL_RIGHTS_PCR_ACT,433.0,0.04871737173717372,0.0,8888,9.821428571428571
SC_POA_KIDNAPPING_ABDUCTION_OF_WOMEN_TO_COMPEL_HER_FOR_MARRIAGE,409.0,0.5618131868131868,0.0,728,92.61363636363636
ST_ROBBERY,405.0,0.045567056705670565,0.0,8888,9.821428571428571
SC_DACOITY,395.0,0.04461764373658647,0.0,8853,10.176542207792208
SC_POA_ATTEMPT_TO_COMMIT_MURDER,393.0,0.5398351648351648,0.0,728,92.61363636363636
ST_IPC_OTHER_SEXUAL_HARASSMENT,383.0,0.5260989010989011,0.0,728,92.61363636363636
CHILDREN_BUYING_OF_GIRLS_FOR_PROSTITUTION,360.0,0.040659588886379036,0.0,8854,10.166396103896105
WOMEN_PROTECTION_OF_WOMEN_FROM_DOMESTIC_VIOLENCE_ACT_2005,356.0,0.489010989010989,0.0,728,92.61363636363636
SC_IPC_ASSAULT_ON_WOMEN_WITH_INTENT_TO_OUTRAGE_HER_MODESTY,327.0,0.4491758241758242,0.0,728,92.61363636363636
WOMEN_ATTEMPT_TO_COMMIT_CULPABLE_HOMICIDE,314.0,0.43131868131868134,0.0,728,92.61363636363636
IPC_COUNTERFEIT_OFFENCES_RELATED_TO_COUNTERFEIT_COIN,304.0,0.4170096021947874,0.0,729,92.60349025974025
ST_IPC_KIDNAPPING_ABDUCTION,301.0,0.41346153846153844,0.0,728,92.61363636363636
IPC_RIOTS_SC_STS_VS_NON_SCS_STS,300.0,0.411522633744856,0.0,729,92.60349025974025
ST_POA_GRIEVOUS_HURT,282.0,0.3873626373626374,0.0,728,92.61363636363636
ST_POA_HURT,281.0,0.385989010989011,0.0,728,92.61363636363636
WOMEN_DACOITY_TOTAL,267.0,0.36675824175824173,0.0,728,92.61363636363636
WOMEN_OTHER_DACOITY,259.0,0.3557692307692308,0.0,728,92.61363636363636
ST_POA_SEXUAL_HARASSMENT,255.0,0.35027472527472525,0.0,728,92.61363636363636
IPC_OFFENCES_PROMOTING_ENMITY_BETWEEN_DIFFERENT_GROUPS,252.0,0.345679012345679,0.0,729,92.60349025974025
IPC_PROMOTING_ENMITY_BETWEEN_DIFFERENT_GROUPS,240.0,0.3292181069958848,0.0,729,92.60349025974025
SC_IPC_OTHER_SEXUAL_HARASSMENT,232.0,0.31868131868131866,0.0,728,92.61363636363636
IPC_CUSTODIAL_RAPE,226.0,0.023465891392378778,0.0,9631,2.282873376623377
ST_IPC_RAPE,225.0,0.3090659340659341,0.0,728,92.61363636363636
ST_DACOITY,216.0,0.024302430243024302,0.0,8888,9.821428571428571
WOMEN_KIDNAPING_ABDUCTION_IN_ORDER_TO_MURDER,205.0,0.2815934065934066,0.0,728,92.61363636363636
IPC_POSSESSION_OF_FORGED_OR_COUNTERFEITING_CURRENCY_BANK_NOTES,203.0,0.2784636488340192,0.0,729,92.60349025974025
WOMEN_CUSTODIAL_RAPE,199.0,0.2733516483516483,0.0,728,92.61363636363636
IPC_RIOTS_STUDENTS,199.0,0.2729766803840878,0.0,729,92.60349025974025
IPC_ACID_ATTACK,194.0,0.2661179698216735,0.0,729,92.60349025974025
IPC_CUSTODIAL_OTHER_RAPE,192.0,0.26337448559670784,0.0,729,92.60349025974025
WOMEN_CUSTODIAL_OTHER_RAPE,192.0,0.26373626373626374,0.0,728,92.61363636363636
ST_IPC_KIDNAPPING_ABDUCTION_OF_WOMEN_TO_COMPEL_HER_FOR_MARRIAGE,182.0,0.25,0.0,728,92.61363636363636
IPC_RIOTS_INDUSTRIAL,175.0,0.24005486968449932,0.0,729,92.60349025974025
SC_POA_ARSON,172.0,0.23626373626373626,0.0,728,92.61363636363636
IPC_OFFENCES_AGAINST_STATE,168.0,0.23045267489711935,0.0,729,92.60349025974025
SC_POA_KIDNAPING_ABDUCTION_TOTAL,165.0,0.22664835164835165,0.0,728,92.61363636363636
ST_POA_KIDNAPPING_ABDUCTION_GRANDTOTAL,162.0,0.22252747252747251,0.0,728,92.61363636363636
SC_OTHER_SLL_CRIME_AGAINST_SCS,155.0,0.2129120879120879,0.0,728,92.61363636363636
SC_POA_OTHER_KIDNAPPING,148.0,0.2032967032967033,0.0,728,92.61363636363636
ST_POA_MURDER,144.0,0.1978021978021978,0.0,728,92.61363636363636
SC_POA_ASSAULT_ON_WOMEN_WITH_INTENT_TO_DISROBE,136.0,0.18681318681318682,0.0,728,92.61363636363636
IPC_DISCLOSURE_OF_IDENTITY_OF_VICTIMS,135.0,0.18518518518518517,0.0,729,92.60349025974025
WOMEN_ACID_ATTACK,131.0,0.17994505494505494,0.0,728,92.61363636363636
SC_IPC_RAPE,130.0,0.17857142857142858,0.0,728,92.61363636363636
IPC_OTHER_OFFENCES_AGAINST_STATE,122.0,0.1673525377229081,0.0,729,92.60349025974025
SC_IPC_KIDNAPPING_ABDUCTION,117.0,0.16071428571428573,0.0,728,92.61363636363636
SC_IPC_GRIEVOUS_HURT,104.0,0.14285714285714285,0.0,728,92.61363636363636
SC_IPC_HURT,104.0,0.14285714285714285,0.0,728,92.61363636363636
ST_OTHER_SLL_CRIME_AGAINST_STS,102.0,0.1401098901098901,0.0,728,92.61363636363636
IPC_IN_PUBLIC_TRANSPORT_SYSTEM,101.0,0.13854595336076816,0.0,729,92.60349025974025
WOMEN_IN_PUBLIC_TRANSPORT_SYSTEM,101.0,0.13873626373626374,0.0,728,92.61363636363636
WOMEN_UNNATURAL_OFFENCES,98.0,0.1346153846153846,0.0,728,92.61363636363636
SC_POA_STALKING,95.0,0.1304945054945055,0.0,728,92.61363636363636
ST_IPC_GRIEVOUS_HURT,95.0,0.1304945054945055,0.0,728,92.61363636363636
ST_IPC_HURT,95.0,0.1304945054945055,0.0,728,92.61363636363636
SC_PROTECTION_OF_CIVIL_RIGHTS_ACT_1955,94.0,0.12912087912087913,0.0,728,92.61363636363636
SC_IPC_RIOTS,90.0,0.12362637362637363,0.0,728,92.61363636363636
ST_IPC_MURDER,89.0,0.12225274725274725,0.0,728,92.61363636363636
ST_POA_RIOTS,86.0,0.11813186813186813,0.0,728,92.61363636363636
WOMEN_ITP_UNDER_SECTION_8,84.0,0.11538461538461539,0.0,728,92.61363636363636
SC_POA_ATTEMPT_TO_COMMIT_RAPE,81.0,0.11126373626373626,0.0,728,92.61363636363636
SC_IPC_MURDER,81.0,0.11126373626373626,0.0,728,92.61363636363636
WOMEN_KIDNAPPING_FOR_RANSOM,77.0,0.10576923076923077,0.0,728,92.61363636363636
WOMEN_ITP_UNDER_SECTION_6,75.0,0.10302197802197802,0.0,728,92.61363636363636
IPC_DACOITY_WITH_MURDER,75.0,0.102880658436214,0.0,729,92.60349025974025
WOMEN_ITP_UNDER_SECTION_7,74.0,0.10164835164835165,0.0,728,92.61363636363636
ST_POA_ATTEMPT_TO_COMMIT_MURDER,74.0,0.10164835164835165,0.0,728,92.61363636363636
CHILDREN_INFANTICID,71.0,0.09659863945578231,0.0,735,92.54261363636364
ST_IPC_KIDNAPING_ABDUCTION,69.0,0.09478021978021978,0.0,728,92.61363636363636
SC_IPC_ATTEMPT_TO_COMMIT_MURDER,65.0,0.08928571428571429,0.0,728,92.61363636363636
ST_POA_OTHER_KIDNAPPING,64.0,0.08791208791208792,0.0,728,92.61363636363636
ST_POA_KIDNAPPING_ABDUCTION_OF_WOMEN_TO_COMPEL_HER_FOR_MARRIAGE,61.0,0.08379120879120878,0.0,728,92.61363636363636
SC_POA_ROBBERY,58.0,0.07967032967032966,0.0,728,92.61363636363636
SC_IPC_KIDNAPING_ABDUCTION,52.0,0.07142857142857142,0.0,728,92.61363636363636
ST_IPC_OTHER_KIDNAPPING,49.0,0.0673076923076923,0.0,728,92.61363636363636
SC_POA_INSULT_TO_THE_MODESTY_OF_WOMEN,49.0,0.0673076923076923,0.0,728,92.61363636363636
IPC_ATTEMPT_TO_ACID_ATTACK,49.0,0.06721536351165981,0.0,729,92.60349025974025
WOMEN_AT_OFFICE_PREMISES,48.0,0.06593406593406594,0.0,728,92.61363636363636
IPC_AT_OFFICE_PREMISES,48.0,0.06584362139917696,0.0,729,92.60349025974025
WOMEN_INDECENT_REPRESENTATION_OF_WOMEN_P_ACT_1986,46.0,0.06318681318681318,0.0,728,92.61363636363636
IPC_SEDITION,46.0,0.06310013717421124,0.0,729,92.60349025974025
ST_IPC_ATTEMPT_TO_COMMIT_MURDER,46.0,0.06318681318681318,0.0,728,92.61363636363636
SC_IPC_SEXUAL_HARASSMENT,45.0,0.061813186813186816,0.0,728,92.61363636363636
WOMEN_CAUSING_MISCARRIAGE_WITHOUT_CONSENT_OF_WOMEN,45.0,0.061813186813186816,0.0,728,92.61363636363636
ST_IPC_RIOTS,39.0,0.05357142857142857,0.0,728,92.61363636363636
WOMEN_ATTEMPT_TO_ACID_ATTACK,38.0,0.0521978021978022,0.0,728,92.61363636363636
ST_IPC_ATTEMPT_TO_COMMIT_RAPE,37.0,0.050824175824175824,0.0,728,92.61363636363636
ST_POA_KIDNAPING_ABDUCTION_TOTAL,37.0,0.050824175824175824,0.0,728,92.61363636363636
SC_IPC_INSULT_TO_THE_MODESTY_OF_WOMEN,36.0,0.04945054945054945,0.0,728,92.61363636363636
SC_IPC_KIDNAPPING_ABDUCTION_OF_WOMEN_TO_COMPEL_HER_FOR_MARRIAGE,34.0,0.046703296703296704,0.0,728,92.61363636363636
ST_IPC_ROBBERY,33.0,0.04532967032967033,0.0,728,92.61363636363636
ST_IPC_SEXUAL_HARASSMENT,32.0,0.04395604395604396,0.0,728,92.61363636363636
ST_POA_STALKING,31.0,0.042582417582417584,0.0,728,92.61363636363636
ST_POA_ASSAULT_ON_WOMEN_WITH_INTENT_TO_DISROBE,31.0,0.042582417582417584,0.0,728,92.61363636363636
SC_IPC_OTHER_KIDNAPPING,30.0,0.04120879120879121,0.0,728,92.61363636363636
SC_IPC_ASSAULT_ON_WOMEN_WITH_INTENT_TO_DISROBE,30.0,0.04120879120879121,0.0,728,92.61363636363636
IPC_RIOTS_SECTARIAN,29.0,0.039780521262002745,0.0,729,92.60349025974025
SC_POA_DACOITY,25.0,0.034340659340659344,0.0,728,92.61363636363636
SC_POA_OTHER_DACOITY,25.0,0.034340659340659344,0.0,728,92.61363636363636
IPC_MAKING_OR_USING_DOCUMENTS_RESEMBLING_CURRENCY,25.0,0.03429355281207133,0.0,729,92.60349025974025
ST_POA_ARSON,23.0,0.03159340659340659,0.0,728,92.61363636363636
ST_POA_ATTEMPT_TO_COMMIT_RAPE,22.0,0.03021978021978022,0.0,728,92.61363636363636
ST_IPC_ASSAULT_ON_WOMEN_WITH_INTENT_TO_DISROBE,22.0,0.03021978021978022,0.0,728,92.61363636363636
SC_IPC_ROBBERY,21.0,0.028846153846153848,0.0,728,92.61363636363636
ST_IPC_ARSON,19.0,0.0260989010989011,0.0,728,92.61363636363636
IPC_MAKING_OR_POSSESSING_MATERIALS_FOR_FORGED_CURRENCY_BANK_NOTES,18.0,0.024691358024691357,0.0,729,92.60349025974025
SC_IPC_ARSON,16.0,0.02197802197802198,0.0,728,92.61363636363636
SC_IPC_ATTEMPT_TO_COMMIT_RAPE,16.0,0.02197802197802198,0.0,728,92.61363636363636
SC_IPC_STALKING,16.0,0.02197802197802198,0.0,728,92.61363636363636
ST_POA_INSULT_TO_THE_MODESTY_OF_WOMEN,15.0,0.020604395604395604,0.0,728,92.61363636363636
WOMEN_IMPORTATION_OF_GIRLS_FROM_FOREIGN_COUNTRY,14.0,0.019230769230769232,0.0,728,92.61363636363636
IPC_IMPORTATION_OF_GIRLS_FROM_FOREIGN_COUNTRY,14.0,0.019204389574759947,0.0,729,92.60349025974025
ST_IPC_INSULT_TO_THE_MODESTY_OF_WOMEN,13.0,0.017857142857142856,0.0,728,92.61363636363636
ST_POA_ROBBERY,12.0,0.016483516483516484,0.0,728,92.61363636363636
IPC_IMPUTATION_ASSERTIONS_PREJUDICIAL_TO_NATIONAL_INTEGRATION,12.0,0.01646090534979424,0.0,729,92.60349025974025
SC_POA_VOYEURISM,12.0,0.016483516483516484,0.0,728,92.61363636363636
WOMEN_DACOITY_WITH_MURDER,8.0,0.01098901098901099,0.0,728,92.61363636363636
WOMEN_CUSTODIAL_GANG_RAPE,7.0,0.009615384615384616,0.0,728,92.61363636363636
IPC_CUSTODIAL_GANG_RAPE,7.0,0.009602194787379973,0.0,729,92.60349025974025
SC_POA_KIDNAPING_ABDUCTION_IN_ORDER_TO_MURDER,5.0,0.006868131868131868,0.0,728,92.61363636363636
ST_IPC_STALKING,5.0,0.006868131868131868,0.0,728,92.61363636363636
SC_IPC_OTHER_DACOITY,5.0,0.006868131868131868,0.0,728,92.61363636363636
SC_IPC_DACOITY,5.0,0.006868131868131868,0.0,728,92.61363636363636
SC_IPC_VOYEURISM,4.0,0.005494505494505495,0.0,728,92.61363636363636
WOMEN_DEATHS_CAUSED_WITH_INTENT_TO_CAUSE_MISCARRIAGE,3.0,0.004120879120879121,0.0,728,92.61363636363636
ST_POA_VOYEURISM,3.0,0.004120879120879121,0.0,728,92.61363636363636
SC_POA_ATTEMPT_TO_ACID_ATTACK,3.0,0.004120879120879121,0.0,728,92.61363636363636
ST_POA_OTHER_DACOITY,2.0,0.0027472527472527475,0.0,728,92.61363636363636
ST_POA_DACOITY,2.0,0.0027472527472527475,0.0,728,92.61363636363636
IPC_COUNTERFEITING_GOVERNMENT_STAMP,2.0,0.0027434842249657062,0.0,729,92.60349025974025
SC_POA_ACID_ATTACK,2.0,0.0027472527472527475,0.0,728,92.61363636363636
ST_IPC_KIDNAPPING_FOR_RANSOM,1.0,0.0013736263736263737,0.0,728,92.61363636363636
ST_PROTECTION_OF_CIVIL_RIGHTS_ACT_1955,1.0,0.0013736263736263737,0.0,728,92.61363636363636
SC_IPC_KIDNAPPING_FOR_RANSOM,1.0,0.0013736263736263737,0.0,728,92.61363636363636
ST_POA_ACID_ATTACK,1.0,0.0013736263736263737,0.0,728,92.61363636363636
SC_POA_KIDNAPPING_FOR_RANSOM,1.0,0.0013736263736263737,0.0,728,92.61363636363636
SC_IPC_ATTEMPT_TO_ACID_ATTACK,0.0,0.0,0.0,728,92.61363636363636
ST_IPC_VOYEURISM,0.0,0.0,0.0,728,92.61363636363636
SC_MANUAL_SCAVENGERS_AND_CONSTRUCTION_OF_DRY_LATRINES_P_ACT_1993,0.0,0.0,0.0,728,92.61363636363636
ST_POA_ATTEMPT_TO_ACID_ATTACK,0.0,0.0,0.0,728,92.61363636363636
ST_MANUAL_SCAVENGERS_AND_CONSTRUCTION_OF_DRY_LATRINES_P_ACT_1993,0.0,0.0,0.0,728,92.61363636363636
SC_IPC_ACID_ATTACK,0.0,0.0,0.0,728,92.61363636363636
SC_POA_DACOITY_WITH_MURDER,0.0,0.0,0.0,728,92.61363636363636
WOMEN_COMMISSION_OF_SATI_PREVENTION_ACT_1987,0.0,0.0,0.0,728,92.61363636363636
ST_IPC_KIDNAPING_ABDUCTION_IN_ORDER_TO_MURDER,0.0,0.0,0.0,728,92.61363636363636
ST_POA_DACOITY_WITH_MURDER,0.0,0.0,0.0,728,92.61363636363636
ST_IPC_DACOITY_WITH_MURDER,0.0,0.0,0.0,728,92.61363636363636
ST_IPC_OTHER_DACOITY,0.0,0.0,0.0,728,92.61363636363636
SC_IPC_KIDNAPING_ABDUCTION_IN_ORDER_TO_MURDER,0.0,0.0,0.0,728,92.61363636363636
ST_IPC_ACID_ATTACK,0.0,0.0,0.0,728,92.61363636363636
ST_POA_KIDNAPING_ABDUCTION_IN_ORDER_TO_MURDER,0.0,0.0,0.0,728,92.61363636363636
ST_IPC_ATTEMPT_TO_ACID_ATTACK,0.0,0.0,0.0,728,92.61363636363636
ST_POA_KIDNAPPING_FOR_RANSOM,0.0,0.0,0.0,728,92.61363636363636
SC_IPC_DACOITY_WITH_MURDER,0.0,0.0,0.0,728,92.61363636363636
ST_IPC_DACOITY,0.0,0.0,0.0,728,92.61363636363636
