feature,mean_observed,median_observed,max_observed,non_missing,missing_pct
IPC_TOTAL_COGNIZABLE_IPC_CRIMES,3484.4499314128943,2469.0,40361.0,729,92.60349025974025
IPC_TOTAL_IPC_CRIMES,3090.3308245338126,1947.5,234385.0,8902,9.679383116883116
IPC_OTHER_IPC_CRIMES,1252.888692762953,697.0,127850.0,9631,2.282873376623377
WOMEN_TOTAL_CRIMES_AGAINST_WOMEN,575.1524725274726,382.0,8244.0,728,92.61363636363636
IPC_THEFT,471.7821617692867,201.0,52670.0,9631,2.282873376623377
IPC_INCIDENCE_OF_RASH_DRIVING,464.0411522633745,177.0,13431.0,729,92.60349025974025
IPC_HURT_GREVIOUS_HURT,415.86665917771285,182.0,60488.0,8902,9.679383116883116
IPC_OTHER_THEFTS,296.87654320987656,135.0,7375.0,729,92.60349025974025
IPC_OTHER_THEFT,285.1148056616491,139.0,34276.0,8902,9.679383116883116
IPC_AUTO_THEFT,185.7770740317724,46.0,24948.0,9631,2.282873376623377
IPC_DEATHS_DUE_TO_NEGLIGENT_DRIVING_ACT,151.69272976680384,114.0,1083.0,729,92.60349025974025
IPC_CRIMINAL_TRESPASS_BURGLARY,140.5980795610425,82.0,3055.0,729,92.60349025974025
IPC_BURGLARY,140.10997528645248,78.0,18328.0,8902,9.679383116883116
IPC_GRIEVOUS_HURT,137.50891632373114,42.0,4572.0,729,92.60349025974025
IPC_HURT,137.1755829903978,42.0,4572.0,729,92.60349025974025
IPC_CAUSING_DEATH_BY_NEGLIGENCE,126.48281590696709,68.0,14944.0,9631,2.282873376623377
WOMEN_CRUELTY_BY_HUSBAND_OR_HIS_RELATIVES,120.10581516095534,47.0,18116.0,9630,2.2930194805194803
IPC_CRUELTY_BY_HUSBAND_OR_HIS_RELATIVES,120.09334440868031,47.0,18116.0,9631,2.282873376623377
IPC_CHEATING,105.4015159381165,36.0,22796.0,9631,2.282873376623377
IPC_CRIMINAL_TRESPASS_OR_BURGLARY,104.58024691358025,51.0,2531.0,729,92.60349025974025
WOMEN_ASSAULT_ON_WOMEN_WITH_INTENT_TO_OUTRAGE_HER_MODESTY_TOTAL,103.28846153846153,60.0,1626.0,728,92.61363636363636
IPC_KIDNAPPING_ABDUCTION_TOTAL,100.9122085048011,61.0,1198.0,729,92.60349025974025
IPC_RIOTS,94.27151905305783,42.0,11931.0,9631,2.282873376623377
WOMEN_OTHER_IPC_CRIMES,81.77884615384616,0.0,2736.0,728,92.61363636363636
IPC_RIOTS_OTHERS,76.30727023319616,28.0,1818.0,729,92.60349025974025
WOMEN_KIDNAPPING_ABDUCTION_TOTAL,75.16895604395604,45.0,696.0,728,92.61363636363636
IPC_ASSAULT_ON_WOMEN_WITH_INTENT_TO_OUTRAGE_HER_MODESTY,66.29965735645312,31.0,8252.0,9631,2.282873376623377
WOMEN_ASSAULT_ON_WOMEN_WITH_INTENT_TO_OUTRAGE_HER_MODESTY,63.28218377892608,30.0,8252.0,8902,9.679383116883116
SC_TOTAL_CRIMES_AGAINST_SCS,60.362637362637365,24.0,876.0,728,92.61363636363636
WOMEN_OTHERS,60.239010989010985,25.0,784.0,728,92.61363636363636
IPC_OTHER_ASSAULT_ON_WOMEN,60.15637860082305,25.0,784.0,729,92.60349025974025
IPC_ATTEMPT_TO_COMMIT_MURDER,53.6323731138546,30.0,2249.0,729,92.60349025974025
IPC_KIDNAPPING_ABDUCTION,53.480635448032395,24.0,11183.0,9631,2.282873376623377
SC_TOTAL_OF_SC_ST_PREVENTION_OF_ATROCITIES_ACT_1989,52.54945054945055,21.0,770.0,728,92.61363636363636
IPC_MURDER,49.87405253867719,36.0,5047.0,9631,2.282873376623377
WOMEN_RAPE_OTHER_THAN_CUSTODIAL,49.4739010989011,35.0,607.0,728,92.61363636363636
IPC_RAPE_OTHER_THAN_CUSTODIAL,49.40603566529492,35.0,607.0,729,92.60349025974025
WOMEN_RAPE_OTHERS,46.35989010989011,33.0,591.0,728,92.61363636363636
IPC_RAPE_OTHERS,46.2962962962963,33.0,591.0,729,92.60349025974025
IPC_ATTEMPT_TO_MURDER,45.5796450235902,27.0,5259.0,8902,9.679383116883116
WOMEN_KIDNAPPING_AND_ABDUCTION,41.26993933947428,18.0,9737.0,8902,9.679383116883116
IPC_KIDNAPPING_AND_ABDUCTION_OF_WOMEN_AND_GIRLS,41.26993933947428,18.0,9737.0,8902,9.679383116883116
WOMEN_KIDNAPPING_ABDUCTION_OF_WOMEN_TO_COMPEL_HER_FOR_MARRIAGE,40.36126373626374,14.0,519.0,728,92.61363636363636
IPC_KIDNAPPING_ABDUCTION_OF_WOMEN_TO_COMPEL_HER_FOR_MARRIAGE,40.305898491083674,14.0,519.0,729,92.60349025974025
IPC_HOUSE_TRESPASS_HOUSE_BREAKING,36.01783264746228,4.0,1041.0,729,92.60349025974025
WOMEN_RAPE,34.786292834890965,21.0,4335.0,9630,2.2930194805194803
IPC_RAPE,34.78268092617589,21.0,4335.0,9631,2.282873376623377
IPC_ROBBERY,34.385629737306616,16.0,9746.0,9631,2.282873376623377
IPC_OTHER_RAPE,33.55976185126938,20.0,4335.0,8902,9.679383116883116
CHILDREN_TOTAL,33.338447653429604,10.0,2160.0,8864,10.064935064935066
SC_POA_OTHER_IPC_CRIMES,28.40521978021978,3.0,489.0,728,92.61363636363636
WOMEN_SEXUAL_HARASSMENT,27.86813186813187,5.5,650.0,728,92.61363636363636
IPC_SEXUAL_HARASSMENT,27.829903978052126,5.0,650.0,729,92.60349025974025
IPC_OTHER_KIDNAPPING,25.315500685871058,7.0,728.0,729,92.60349025974025
IPC_CRIMINAL_BREACH_OF_TRUST,24.264458519364553,11.0,4114.0,9631,2.282873376623377
WOMEN_KIDNAPING_ABDUCTION,22.171703296703296,0.0,685.0,728,92.61363636363636
SC_OTHER_CRIMES_AGAINST_SCS,18.975714447080087,2.0,819.0,8853,10.176542207792208
WOMEN_INSULT_TO_MODESTY_OF_WOMEN,15.64457425297686,1.0,4702.0,8902,9.679383116883116
IPC_INSULT_TO_MODESTY_OF_WOMEN,15.64457425297686,1.0,4702.0,8902,9.679383116883116
WOMEN_OTHER_SLL_CRIMES_AGAINST_WOMEN,15.273351648351648,0.0,884.0,728,92.61363636363636
ST_TOTAL_CRIMES_AGAINST_STS,14.903846153846153,0.0,2060.0,728,92.61363636363636
SC_PREVENTION_OF_ATROCITIES_POA_ACT,14.672992206031854,1.0,428.0,8853,10.176542207792208
IPC_FORGERY,14.486968449931412,0.0,980.0,729,92.60349025974025
IPC_KIDNAPPING_AND_ABDUCTION_OF_OTHERS,13.935407773534036,5.0,2685.0,8902,9.679383116883116
IPC_ARSON,13.643962205378465,7.0,2350.0,9631,2.282873376623377
WOMEN_GRIEVOUS_HURT,12.92445054945055,2.0,968.0,728,92.61363636363636
CHILDREN_KIDNAPPING_AND_ABDUCTION,12.904675852721933,1.0,1161.0,8854,10.166396103896105
WOMEN_HURT,12.692307692307692,2.0,968.0,728,92.61363636363636
WOMEN_DOWRY_PROHIBITION_ACT_1961,12.425824175824175,0.0,365.0,728,92.61363636363636
WOMEN_ROBBERY,12.369505494505495,0.0,1237.0,728,92.61363636363636
WOMEN_KIDNAPING_ABDUCTION_OTHERS,12.248626373626374,0.0,612.0,728,92.61363636363636
IPC_UNLAWFUL_ASSEMBLY,11.925925925925926,0.0,1042.0,729,92.60349025974025
WOMEN_DOWRY_DEATHS,11.786188992731049,5.0,2335.0,9630,2.2930194805194803
IPC_DOWRY_DEATHS,11.784965216488423,5.0,2335.0,9631,2.282873376623377
WOMEN_INSULT_TO_THE_MODESTY_OF_WOMEN_TOTAL,11.630494505494505,0.0,665.0,728,92.61363636363636
IPC_INSULT_TO_THE_MODESTY_OF_WOMEN,11.614540466392318,0.0,665.0,729,92.60349025974025
SC_POA_SC_ST_PREVENTION_OF_ATROCITIES_ACT_ONLY,11.32554945054945,0.0,385.0,728,92.61363636363636
WOMEN_MURDER,11.163461538461538,8.0,117.0,728,92.61363636363636
WOMEN_IN_OTHER_PLACES,10.82554945054945,0.0,658.0,728,92.61363636363636
IPC_PLACES_OTHER_THAN_231_232_233,10.810699588477366,0.0,658.0,729,92.60349025974025
IPC_EXTORTION,10.190672153635116,2.0,247.0,729,92.60349025974025
CHILDREN_OTHER_CRIMES,8.862435057601084,0.0,550.0,8854,10.166396103896105
ST_TOTAL_OF_SC_ST_PREVENTION_OF_ATROCITIES_ACT_1989,8.792582417582418,0.0,100.0,728,92.61363636363636
WOMEN_ATTEMPT_TO_COMMIT_MURDER,8.541208791208792,1.0,1105.0,728,92.61363636363636
WOMEN_ASSAULT_ON_WOMEN_WITH_INTENT_TO_DISROBE,8.479395604395604,0.0,358.0,728,92.61363636363636
IPC_ASSAULT_OR_USE_OF_CRIMINAL_FORCE_TO_WOMEN_WITH_INTENT_TO_DISROBE,8.467764060356654,0.0,358.0,729,92.60349025974025
IPC_DEATHS_DUE_TO_OTHER_CAUSES,7.8079561042524,0.0,355.0,729,92.60349025974025
SC_TOTAL_IPC_CRIMES_AGAINST_SCS,7.471153846153846,0.0,544.0,728,92.61363636363636
CHILDREN_RAPE,7.458662751298848,2.0,448.0,8854,10.166396103896105
IPC_DACOITY,7.102273907174748,3.0,833.0,9631,2.282873376623377
SC_IPC_OTHER_IPC_CRIMES,6.086538461538462,0.0,496.0,728,92.61363636363636
ST_TOTAL_IPC_CRIMES_AGAINST_STS,5.96978021978022,0.0,1929.0,728,92.61363636363636
WOMEN_STALKING,5.861263736263736,0.0,137.0,728,92.61363636363636
IPC_STALKING,5.8532235939643344,0.0,137.0,729,92.60349025974025
WOMEN_ATTEMPT_TO_COMMIT_RAPE,5.751373626373627,0.0,325.0,728,92.61363636363636
IPC_ATTEMPT_TO_COMMIT_RAPE,5.743484224965706,0.0,325.0,729,92.60349025974025
SC_HURT,5.661470687902406,0.0,273.0,8853,10.176542207792208
IPC_CULPABLE_HOMICIDE_NOT_AMOUNTING_TO_MURDER,5.584882151386149,2.0,1268.0,9631,2.282873376623377
IPC_OTHER_DACOITY,5.227709190672154,3.0,90.0,729,92.60349025974025
IPC_ATTEMPT_TO_COMMIT_CULPABLE_HOMICIDE,5.013717421124828,0.0,218.0,729,92.60349025974025
WOMEN_ABETMENT_OF_SUICIDES_OF_WOMEN,4.491758241758242,0.0,380.0,728,92.61363636363636
ST_OTHER_CRIMES_AGAINST_STS,4.240886588658866,0.0,1375.0,8888,9.821428571428571
IPC_PREPARATION_AND_ASSEMBLY_FOR_DACOITY,4.18153223994608,0.0,1099.0,8902,9.679383116883116
ST_IPC_OTHER_IPC_CRIMES,4.1304945054945055,0.0,1318.0,728,92.61363636363636
ST_POA_OTHER_IPC_CRIMES,3.896978021978022,0.0,86.0,728,92.61363636363636
IPC_COUNTERFIETING,3.2992585935744776,1.0,338.0,8902,9.679383116883116
IPC_MAKING_PREPARATION_AND_ASSEMBLY_FOR_COMMITTING_DACOITY,3.179698216735254,0.0,170.0,729,92.60349025974025
WOMEN_RAPE_GANG_RAPE,3.114010989010989,0.0,111.0,728,92.61363636363636
IPC_RAPE_GANG_RAPE,3.1097393689986284,0.0,111.0,729,92.60349025974025
SC_POA_ASSAULT_ON_WOMEN_WITH_INTENT_TO_OUTRAGE_HER_MODESTY,3.0398351648351647,0.0,65.0,728,92.61363636363636
SC_POA_GRIEVOUS_HURT,2.875,0.0,347.0,728,92.61363636363636
SC_POA_HURT,2.868131868131868,0.0,347.0,728,92.61363636363636
SC_POA_RAPE,2.8585164835164836,1.0,38.0,728,92.61363636363636
IPC_COUNTERFEITING,2.336076817558299,0.0,285.0,729,92.60349025974025
IPC_RIOTS_POLITICAL,2.156378600823045,0.0,300.0,729,92.60349025974025
WOMEN_IMMORAL_TRAFFIC_PREVENTION_ACT,2.1043956043956045,0.0,249.0,728,92.61363636363636
CHILDREN_OTHER_MURDER,2.103401360544218,1.0,28.0,735,92.54261363636364
IPC_KIDNAPPING_ABDUCTION_IN_ORDER_TO_MURDER,2.0603566529492454,0.0,227.0,729,92.60349025974025
CHILDREN_MURDER,1.9830028328611897,0.0,62.0,8119,17.623782467532468
IPC_RIOTS_CASTE_CONFLICT,1.9574759945130316,0.0,246.0,729,92.60349025974025
SC_RAPE,1.9291765503219247,0.0,38.0,8853,10.176542207792208
IPC_COUNTERFEIT_CURRENCY_BANK_NOTES,1.916323731138546,0.0,82.0,729,92.60349025974025
ST_PREVENTION_OF_ATROCITIES_POA_ACT,1.8906390639063906,0.0,513.0,8888,9.821428571428571
SC_POA_OTHER_SEXUAL_HARASSMENT,1.6195054945054945,0.0,40.0,728,92.61363636363636
IPC_RIOTS_COMMUNAL,1.5500685871056241,0.0,207.0,729,92.60349025974025
IPC_RIOTS_OTHER_CASTE_CONFLICT,1.5459533607681757,0.0,232.0,729,92.60349025974025
IPC_UNNATURAL_OFFENCE,1.4732510288065843,0.0,39.0,729,92.60349025974025
ST_POA_SC_ST_PREVENTION_OF_ATROCITIES_ACT_ONLY,1.4711538461538463,0.0,50.0,728,92.61363636363636
ST_HURT,1.218159315931593,0.0,204.0,8888,9.821428571428571
ST_POA_RAPE,1.1923076923076923,0.0,30.0,728,92.61363636363636
WOMEN_ITP_UNDER_OTHER_SECTIONS,1.184065934065934,0.0,249.0,728,92.61363636363636
ST_POA_ASSAULT_ON_WOMEN_WITH_INTENT_TO_OUTRAGE_HER_MODESTY,1.103021978021978,0.0,41.0,728,92.61363636363636
SC_POA_SEXUAL_HARASSMENT,1.0865384615384615,0.0,52.0,728,92.61363636363636
CHILDREN_EXPOSURE_AND_ABANDONMENT,1.0608764400271065,0.0,60.0,8854,10.166396103896105
SC_POA_RIOTS,1.0521978021978022,0.0,36.0,728,92.61363636363636
SC_POA_KIDNAPPING_ABDUCTION_GRANDTOTAL,1.0,0.0,19.0,728,92.61363636363636
ST_RAPE,0.9957245724572458,0.0,329.0,8888,9.821428571428571
IPC_HUMANTRAFFICKING,0.9492455418381345,0.0,84.0,729,92.60349025974025
SC_MURDER,0.9296283745622953,0.0,24.0,8853,10.176542207792208
SC_POA_MURDER,0.9244505494505495,0.0,13.0,728,92.61363636363636
WOMEN_VOYEURISM,0.8406593406593407,0.0,41.0,728,92.61363636363636
IPC_VOYEURISM,0.8395061728395061,0.0,41.0,729,92.60349025974025
IPC_RIOTS_AGRARIAN,0.831275720164609,0.0,102.0,729,92.60349025974025
IPC_COUNTERFEITING_CURRENCY_NOTES_BANK_NOTES,0.8161865569272977,0.0,26.0,729,92.60349025974025
IPC_KIDNAPPING_FOR_RANSOM,0.8106995884773662,0.0,23.0,729,92.60349025974025
IPC_USING_FORGED_OR_COUNTERFEITING_CURRENCY_BANK_NOTES,0.7626886145404664,0.0,82.0,729,92.60349025974025
ST_POA_OTHER_SEXUAL_HARASSMENT,0.6634615384615384,0.0,27.0,728,92.61363636363636
WOMEN_CULPABLE_HOMICIDE_NOT_AMOUNTING_TO_MURDER,0.6181318681318682,0.0,11.0,728,92.61363636363636
WOMEN_ARSON,0.6085164835164835,0.0,13.0,728,92.61363636363636
WOMEN_HUMANTRAFFICKING,0.6085164835164835,0.0,74.0,728,92.61363636363636
ST_IPC_ASSAULT_ON_WOMEN_WITH_INTENT_TO_OUTRAGE_HER_MODESTY,0.6071428571428571,0.0,218.0,728,92.61363636363636
WOMEN_IN_PLACES_RELATED_TO_WORK,0.6002747252747253,0.0,157.0,728,92.61363636363636
WOMEN_ITP_UNDER_SECTION_5,0.6002747252747253,0.0,44.0,728,92.61363636363636
IPC_OTHER_PLACES_RELATED_TO_WORK,0.5994513031550068,0.0,157.0,729,92.60349025974025
SC_KIDNAPPING_AND_ABDUCTION,0.5830791821981249,0.0,23.0,8853,10.176542207792208
CHILDREN_PROCURATION_OF_MINOR_GIRLS,0.5676530381748363,0.0,210.0,8854,10.166396103896105
SC_POA_KIDNAPPING_ABDUCTION_OF_WOMEN_TO_COMPEL_HER_FOR_MARRIAGE,0.5618131868131868,0.0,19.0,728,92.61363636363636
SC_POA_ATTEMPT_TO_COMMIT_MURDER,0.5398351648351648,0.0,16.0,728,92.61363636363636
ST_IPC_OTHER_SEXUAL_HARASSMENT,0.5260989010989011,0.0,209.0,728,92.61363636363636
WOMEN_PROTECTION_OF_WOMEN_FROM_DOMESTIC_VIOLENCE_ACT_2005,0.489010989010989,0.0,112.0,728,92.61363636363636
SC_PROTECTION_OF_CIVIL_RIGHTS_PCR_ACT,0.4547610979329041,0.0,153.0,8853,10.176542207792208
SC_IPC_ASSAULT_ON_WOMEN_WITH_INTENT_TO_OUTRAGE_HER_MODESTY,0.4491758241758242,0.0,47.0,728,92.61363636363636
WOMEN_ATTEMPT_TO_COMMIT_CULPABLE_HOMICIDE,0.43131868131868134,0.0,44.0,728,92.61363636363636
IPC_COUNTERFEIT_OFFENCES_RELATED_TO_COUNTERFEIT_COIN,0.4170096021947874,0.0,285.0,729,92.60349025974025
ST_IPC_KIDNAPPING_ABDUCTION,0.41346153846153844,0.0,139.0,728,92.61363636363636
IPC_RIOTS_SC_STS_VS_NON_SCS_STS,0.411522633744856,0.0,27.0,729,92.60349025974025
ST_POA_GRIEVOUS_HURT,0.3873626373626374,0.0,25.0,728,92.61363636363636
ST_POA_HURT,0.385989010989011,0.0,25.0,728,92.61363636363636
WOMEN_DACOITY_TOTAL,0.36675824175824173,0.0,53.0,728,92.61363636363636
WOMEN_OTHER_DACOITY,0.3557692307692308,0.0,53.0,728,92.61363636363636
ST_POA_SEXUAL_HARASSMENT,0.35027472527472525,0.0,24.0,728,92.61363636363636
IPC_OFFENCES_PROMOTING_ENMITY_BETWEEN_DIFFERENT_GROUPS,0.345679012345679,0.0,14.0,729,92.60349025974025
IPC_PROMOTING_ENMITY_BETWEEN_DIFFERENT_GROUPS,0.3292181069958848,0.0,14.0,729,92.60349025974025
SC_IPC_OTHER_SEXUAL_HARASSMENT,0.31868131868131866,0.0,47.0,728,92.61363636363636
SC_ARSON,0.3153733197786061,0.0,28.0,8853,10.176542207792208
ST_IPC_RAPE,0.3090659340659341,0.0,95.0,728,92.61363636363636
WOMEN_KIDNAPING_ABDUCTION_IN_ORDER_TO_MURDER,0.2815934065934066,0.0,88.0,728,92.61363636363636
IPC_POSSESSION_OF_FORGED_OR_COUNTERFEITING_CURRENCY_BANK_NOTES,0.2784636488340192,0.0,51.0,729,92.60349025974025
WOMEN_CUSTODIAL_RAPE,0.2733516483516483,0.0,28.0,728,92.61363636363636
IPC_RIOTS_STUDENTS,0.2729766803840878,0.0,40.0,729,92.60349025974025
IPC_ACID_ATTACK,0.2661179698216735,0.0,8.0,729,92.60349025974025
WOMEN_CUSTODIAL_OTHER_RAPE,0.26373626373626374,0.0,28.0,728,92.61363636363636
IPC_CUSTODIAL_OTHER_RAPE,0.26337448559670784,0.0,28.0,729,92.60349025974025
ST_IPC_KIDNAPPING_ABDUCTION_OF_WOMEN_TO_COMPEL_HER_FOR_MARRIAGE,0.25,0.0,87.0,728,92.61363636363636
IPC_RIOTS_INDUSTRIAL,0.24005486968449932,0.0,92.0,729,92.60349025974025
SC_POA_ARSON,0.23626373626373626,0.0,14.0,728,92.61363636363636
IPC_OFFENCES_AGAINST_STATE,0.23045267489711935,0.0,18.0,729,92.60349025974025
SC_POA_KIDNAPING_ABDUCTION_TOTAL,0.22664835164835165,0.0,16.0,728,92.61363636363636
ST_MURDER,0.22603510351035103,0.0,42.0,8888,9.821428571428571
ST_POA_KIDNAPPING_ABDUCTION_GRANDTOTAL,0.22252747252747251,0.0,15.0,728,92.61363636363636
SC_OTHER_SLL_CRIME_AGAINST_SCS,0.2129120879120879,0.0,25.0,728,92.61363636363636
SC_POA_OTHER_KIDNAPPING,0.2032967032967033,0.0,11.0,728,92.61363636363636
ST_POA_MURDER,0.1978021978021978,0.0,6.0,728,92.61363636363636
SC_POA_ASSAULT_ON_WOMEN_WITH_INTENT_TO_DISROBE,0.18681318681318682,0.0,9.0,728,92.61363636363636
IPC_DISCLOSURE_OF_IDENTITY_OF_VICTIMS,0.18518518518518517,0.0,131.0,729,92.60349025974025
WOMEN_ACID_ATTACK,0.17994505494505494,0.0,7.0,728,92.61363636363636
SC_IPC_RAPE,0.17857142857142858,0.0,24.0,728,92.61363636363636
IPC_OTHER_OFFENCES_AGAINST_STATE,0.1673525377229081,0.0,17.0,729,92.60349025974025
SC_IPC_KIDNAPPING_ABDUCTION,0.16071428571428573,0.0,34.0,728,92.61363636363636
CHILDREN_FOETICIDE,0.1606053761011972,0.0,20.0,8854,10.166396103896105
SC_IPC_HURT,0.14285714285714285,0.0,20.0,728,92.61363636363636
SC_IPC_GRIEVOUS_HURT,0.14285714285714285,0.0,20.0,728,92.61363636363636
ST_OTHER_SLL_CRIME_AGAINST_STS,0.1401098901098901,0.0,31.0,728,92.61363636363636
CHILDREN_PROHIBITION_OF_CHILD_MARRIAGE_ACT,0.13993675175062117,0.0,29.0,8854,10.166396103896105
WOMEN_IN_PUBLIC_TRANSPORT_SYSTEM,0.13873626373626374,0.0,56.0,728,92.61363636363636
IPC_IN_PUBLIC_TRANSPORT_SYSTEM,0.13854595336076816,0.0,56.0,729,92.60349025974025
WOMEN_UNNATURAL_OFFENCES,0.1346153846153846,0.0,4.0,728,92.61363636363636
ST_KIDNAPPING_ABDUCTION,0.13422592259225924,0.0,46.0,8888,9.821428571428571
ST_IPC_HURT,0.1304945054945055,0.0,22.0,728,92.61363636363636
ST_IPC_GRIEVOUS_HURT,0.1304945054945055,0.0,22.0,728,92.61363636363636
SC_POA_STALKING,0.1304945054945055,0.0,10.0,728,92.61363636363636
SC_PROTECTION_OF_CIVIL_RIGHTS_ACT_1955,0.12912087912087913,0.0,31.0,728,92.61363636363636
SC_IPC_RIOTS,0.12362637362637363,0.0,17.0,728,92.61363636363636
ST_IPC_MURDER,0.12225274725274725,0.0,41.0,728,92.61363636363636
ST_POA_RIOTS,0.11813186813186813,0.0,4.0,728,92.61363636363636
WOMEN_ITP_UNDER_SECTION_8,0.11538461538461539,0.0,44.0,728,92.61363636363636
SC_IPC_MURDER,0.11126373626373626,0.0,11.0,728,92.61363636363636
SC_POA_ATTEMPT_TO_COMMIT_RAPE,0.11126373626373626,0.0,11.0,728,92.61363636363636
SC_ROBBERY,0.10843781768891901,0.0,14.0,8853,10.176542207792208
IPC_IMPORTATION_OF_GIRLS_FROM_FOREIGN_COUNTRIES,0.1066052572455628,0.0,60.0,8902,9.679383116883116
WOMEN_IMPORTATION_OF_GIRLS,0.1066052572455628,0.0,60.0,8902,9.679383116883116
WOMEN_KIDNAPPING_FOR_RANSOM,0.10576923076923077,0.0,10.0,728,92.61363636363636
WOMEN_ITP_UNDER_SECTION_6,0.10302197802197802,0.0,29.0,728,92.61363636363636
IPC_DACOITY_WITH_MURDER,0.102880658436214,0.0,4.0,729,92.60349025974025
ST_POA_ATTEMPT_TO_COMMIT_MURDER,0.10164835164835165,0.0,6.0,728,92.61363636363636
WOMEN_ITP_UNDER_SECTION_7,0.10164835164835165,0.0,18.0,728,92.61363636363636
CHILDREN_INFANTICID,0.09659863945578231,0.0,10.0,735,92.54261363636364
CHILDREN_SELLING_OF_GIRLS_FOR_PROSTITUTION,0.09645358030268805,0.0,40.0,8854,10.166396103896105
ST_IPC_KIDNAPING_ABDUCTION,0.09478021978021978,0.0,20.0,728,92.61363636363636
SC_IPC_ATTEMPT_TO_COMMIT_MURDER,0.08928571428571429,0.0,12.0,728,92.61363636363636
ST_POA_OTHER_KIDNAPPING,0.08791208791208792,0.0,14.0,728,92.61363636363636
ST_POA_KIDNAPPING_ABDUCTION_OF_WOMEN_TO_COMPEL_HER_FOR_MARRIAGE,0.08379120879120878,0.0,4.0,728,92.61363636363636
CHILDREN_ABETMENT_OF_SUICIDE,0.0831262706121527,0.0,67.0,8854,10.166396103896105
SC_POA_ROBBERY,0.07967032967032966,0.0,7.0,728,92.61363636363636
SC_IPC_KIDNAPING_ABDUCTION,0.07142857142857142,0.0,30.0,728,92.61363636363636
SC_POA_INSULT_TO_THE_MODESTY_OF_WOMEN,0.0673076923076923,0.0,8.0,728,92.61363636363636
ST_IPC_OTHER_KIDNAPPING,0.0673076923076923,0.0,43.0,728,92.61363636363636
IPC_ATTEMPT_TO_ACID_ATTACK,0.06721536351165981,0.0,3.0,729,92.60349025974025
WOMEN_AT_OFFICE_PREMISES,0.06593406593406594,0.0,8.0,728,92.61363636363636
IPC_AT_OFFICE_PREMISES,0.06584362139917696,0.0,8.0,729,92.60349025974025
WOMEN_INDECENT_REPRESENTATION_OF_WOMEN_P_ACT_1986,0.06318681318681318,0.0,9.0,728,92.61363636363636
ST_IPC_ATTEMPT_TO_COMMIT_MURDER,0.06318681318681318,0.0,18.0,728,92.61363636363636
IPC_SEDITION,0.06310013717421124,0.0,18.0,729,92.60349025974025
WOMEN_CAUSING_MISCARRIAGE_WITHOUT_CONSENT_OF_WOMEN,0.061813186813186816,0.0,13.0,728,92.61363636363636
SC_IPC_SEXUAL_HARASSMENT,0.061813186813186816,0.0,8.0,728,92.61363636363636
ST_ARSON,0.06131863186318632,0.0,32.0,8888,9.821428571428571
ST_IPC_RIOTS,0.05357142857142857,0.0,23.0,728,92.61363636363636
WOMEN_ATTEMPT_TO_ACID_ATTACK,0.0521978021978022,0.0,2.0,728,92.61363636363636
ST_IPC_ATTEMPT_TO_COMMIT_RAPE,0.050824175824175824,0.0,30.0,728,92.61363636363636
ST_POA_KIDNAPING_ABDUCTION_TOTAL,0.050824175824175824,0.0,6.0,728,92.61363636363636
SC_IPC_INSULT_TO_THE_MODESTY_OF_WOMEN,0.04945054945054945,0.0,11.0,728,92.61363636363636
ST_PROTECTION_OF_CIVIL_RIGHTS_PCR_ACT,0.04871737173717372,0.0,25.0,8888,9.821428571428571
SC_IPC_KIDNAPPING_ABDUCTION_OF_WOMEN_TO_COMPEL_HER_FOR_MARRIAGE,0.046703296703296704,0.0,7.0,728,92.61363636363636
ST_ROBBERY,0.045567056705670565,0.0,32.0,8888,9.821428571428571
ST_IPC_ROBBERY,0.04532967032967033,0.0,17.0,728,92.61363636363636
SC_DACOITY,0.04461764373658647,0.0,9.0,8853,10.176542207792208
ST_IPC_SEXUAL_HARASSMENT,0.04395604395604396,0.0,9.0,728,92.61363636363636
ST_POA_STALKING,0.042582417582417584,0.0,12.0,728,92.61363636363636
ST_POA_ASSAULT_ON_WOMEN_WITH_INTENT_TO_DISROBE,0.042582417582417584,0.0,5.0,728,92.61363636363636
SC_IPC_ASSAULT_ON_WOMEN_WITH_INTENT_TO_DISROBE,0.04120879120879121,0.0,8.0,728,92.61363636363636
SC_IPC_OTHER_KIDNAPPING,0.04120879120879121,0.0,5.0,728,92.61363636363636
CHILDREN_BUYING_OF_GIRLS_FOR_PROSTITUTION,0.040659588886379036,0.0,45.0,8854,10.166396103896105
IPC_RIOTS_SECTARIAN,0.039780521262002745,0.0,21.0,729,92.60349025974025
SC_POA_OTHER_DACOITY,0.034340659340659344,0.0,2.0,728,92.61363636363636
SC_POA_DACOITY,0.034340659340659344,0.0,2.0,728,92.61363636363636
IPC_MAKING_OR_USING_DOCUMENTS_RESEMBLING_CURRENCY,0.03429355281207133,0.0,14.0,729,92.60349025974025
ST_POA_ARSON,0.03159340659340659,0.0,2.0,728,92.61363636363636
ST_POA_ATTEMPT_TO_COMMIT_RAPE,0.03021978021978022,0.0,4.0,728,92.61363636363636
ST_IPC_ASSAULT_ON_WOMEN_WITH_INTENT_TO_DISROBE,0.03021978021978022,0.0,9.0,728,92.61363636363636
SC_IPC_ROBBERY,0.028846153846153848,0.0,3.0,728,92.61363636363636
ST_IPC_ARSON,0.0260989010989011,0.0,8.0,728,92.61363636363636
IPC_MAKING_OR_POSSESSING_MATERIALS_FOR_FORGED_CURRENCY_BANK_NOTES,0.024691358024691357,0.0,5.0,729,92.60349025974025
ST_DACOITY,0.024302430243024302,0.0,29.0,8888,9.821428571428571
IPC_CUSTODIAL_RAPE,0.023465891392378778,0.0,28.0,9631,2.282873376623377
SC_IPC_ARSON,0.02197802197802198,0.0,3.0,728,92.61363636363636
SC_IPC_ATTEMPT_TO_COMMIT_RAPE,0.02197802197802198,0.0,6.0,728,92.61363636363636
SC_IPC_STALKING,0.02197802197802198,0.0,7.0,728,92.61363636363636
ST_POA_INSULT_TO_THE_MODESTY_OF_WOMEN,0.020604395604395604,0.0,2.0,728,92.61363636363636
WOMEN_IMPORTATION_OF_GIRLS_FROM_FOREIGN_COUNTRY,0.019230769230769232,0.0,5.0,728,92.61363636363636
IPC_IMPORTATION_OF_GIRLS_FROM_FOREIGN_COUNTRY,0.019204389574759947,0.0,5.0,729,92.60349025974025
ST_IPC_INSULT_TO_THE_MODESTY_OF_WOMEN,0.017857142857142856,0.0,7.0,728,92.61363636363636
SC_POA_VOYEURISM,0.016483516483516484,0.0,3.0,728,92.61363636363636
ST_POA_ROBBERY,0.016483516483516484,0.0,2.0,728,92.61363636363636
IPC_IMPUTATION_ASSERTIONS_PREJUDICIAL_TO_NATIONAL_INTEGRATION,0.01646090534979424,0.0,5.0,729,92.60349025974025
WOMEN_DACOITY_WITH_MURDER,0.01098901098901099,0.0,1.0,728,92.61363636363636
WOMEN_CUSTODIAL_GANG_RAPE,0.009615384615384616,0.0,3.0,728,92.61363636363636
IPC_CUSTODIAL_GANG_RAPE,0.009602194787379973,0.0,3.0,729,92.60349025974025
SC_IPC_OTHER_DACOITY,0.006868131868131868,0.0,2.0,728,92.61363636363636
ST_IPC_STALKING,0.006868131868131868,0.0,2.0,728,92.61363636363636
SC_POA_KIDNAPING_ABDUCTION_IN_ORDER_TO_MURDER,0.006868131868131868,0.0,2.0,728,92.61363636363636
SC_IPC_DACOITY,0.006868131868131868,0.0,2.0,728,92.61363636363636
SC_IPC_VOYEURISM,0.005494505494505495,0.0,4.0,728,92.61363636363636
WOMEN_DEATHS_CAUSED_WITH_INTENT_TO_CAUSE_MISCARRIAGE,0.004120879120879121,0.0,1.0,728,92.61363636363636
ST_POA_VOYEURISM,0.004120879120879121,0.0,1.0,728,92.61363636363636
SC_POA_ATTEMPT_TO_ACID_ATTACK,0.004120879120879121,0.0,3.0,728,92.61363636363636
ST_POA_OTHER_DACOITY,0.0027472527472527475,0.0,1.0,728,92.61363636363636
SC_POA_ACID_ATTACK,0.0027472527472527475,0.0,1.0,728,92.61363636363636
ST_POA_DACOITY,0.0027472527472527475,0.0,1.0,728,92.61363636363636
IPC_COUNTERFEITING_GOVERNMENT_STAMP,0.0027434842249657062,0.0,1.0,729,92.60349025974025
SC_POA_KIDNAPPING_FOR_RANSOM,0.0013736263736263737,0.0,1.0,728,92.61363636363636
ST_PROTECTION_OF_CIVIL_RIGHTS_ACT_1955,0.0013736263736263737,0.0,1.0,728,92.61363636363636
ST_POA_ACID_ATTACK,0.0013736263736263737,0.0,1.0,728,92.61363636363636
SC_IPC_KIDNAPPING_FOR_RANSOM,0.0013736263736263737,0.0,1.0,728,92.61363636363636
ST_IPC_KIDNAPPING_FOR_RANSOM,0.0013736263736263737,0.0,1.0,728,92.61363636363636
ST_POA_KIDNAPING_ABDUCTION_IN_ORDER_TO_MURDER,0.0,0.0,0.0,728,92.61363636363636
ST_IPC_DACOITY,0.0,0.0,0.0,728,92.61363636363636
SC_IPC_ATTEMPT_TO_ACID_ATTACK,0.0,0.0,0.0,728,92.61363636363636
SC_IPC_ACID_ATTACK,0.0,0.0,0.0,728,92.61363636363636
ST_IPC_VOYEURISM,0.0,0.0,0.0,728,92.61363636363636
ST_IPC_KIDNAPING_ABDUCTION_IN_ORDER_TO_MURDER,0.0,0.0,0.0,728,92.61363636363636
SC_MANUAL_SCAVENGERS_AND_CONSTRUCTION_OF_DRY_LATRINES_P_ACT_1993,0.0,0.0,0.0,728,92.61363636363636
ST_IPC_ACID_ATTACK,0.0,0.0,0.0,728,92.61363636363636
ST_IPC_DACOITY_WITH_MURDER,0.0,0.0,0.0,728,92.61363636363636
ST_IPC_OTHER_DACOITY,0.0,0.0,0.0,728,92.61363636363636
ST_POA_KIDNAPPING_FOR_RANSOM,0.0,0.0,0.0,728,92.61363636363636
ST_IPC_ATTEMPT_TO_ACID_ATTACK,0.0,0.0,0.0,728,92.61363636363636
ST_MANUAL_SCAVENGERS_AND_CONSTRUCTION_OF_DRY_LATRINES_P_ACT_1993,0.0,0.0,0.0,728,92.61363636363636
SC_IPC_DACOITY_WITH_MURDER,0.0,0.0,0.0,728,92.61363636363636
SC_IPC_KIDNAPING_ABDUCTION_IN_ORDER_TO_MURDER,0.0,0.0,0.0,728,92.61363636363636
WOMEN_COMMISSION_OF_SATI_PREVENTION_ACT_1987,0.0,0.0,0.0,728,92.61363636363636
ST_POA_DACOITY_WITH_MURDER,0.0,0.0,0.0,728,92.61363636363636
SC_POA_DACOITY_WITH_MURDER,0.0,0.0,0.0,728,92.61363636363636
ST_POA_ATTEMPT_TO_ACID_ATTACK,0.0,0.0,0.0,728,92.61363636363636
