column,missing_count,missing_pct,non_missing_count
SC_TOTAL_CRIMES_AGAINST_SCS,9128,92.61,728
ST_POA_OTHER_DACOITY,9128,92.61,728
ST_POA_ATTEMPT_TO_ACID_ATTACK,9128,92.61,728
ST_POA_ACID_ATTACK,9128,92.61,728
ST_POA_HURT,9128,92.61,728
ST_POA_GRIEVOUS_HURT,9128,92.61,728
ST_POA_ARSON,9128,92.61,728
ST_POA_ROBBERY,9128,92.61,728
ST_POA_DACOITY_WITH_MURDER,9128,92.61,728
ST_POA_OTHER_IPC_CRIMES,9128,92.61,728
ST_POA_DACOITY,9128,92.61,728
ST_POA_OTHER_KIDNAPPING,9128,92.61,728
ST_POA_KIDNAPPING_ABDUCTION_OF_WOMEN_TO_COMPEL_HER_FOR_MARRIAGE,9128,92.61,728
ST_POA_KIDNAPPING_FOR_RANSOM,9128,92.61,728
ST_POA_KIDNAPING_ABDUCTION_IN_ORDER_TO_MURDER,9128,92.61,728
ST_POA_KIDNAPING_ABDUCTION_TOTAL,9128,92.61,728
ST_POA_RIOTS,9128,92.61,728
ST_POA_SC_ST_PREVENTION_OF_ATROCITIES_ACT_ONLY,9128,92.61,728
ST_IPC_KIDNAPPING_ABDUCTION_OF_WOMEN_TO_COMPEL_HER_FOR_MARRIAGE,9128,92.61,728
ST_IPC_VOYEURISM,9128,92.61,728
ST_IPC_KIDNAPING_ABDUCTION_IN_ORDER_TO_MURDER,9128,92.61,728
ST_IPC_KIDNAPING_ABDUCTION,9128,92.61,728
ST_IPC_KIDNAPPING_ABDUCTION,9128,92.61,728
ST_IPC_INSULT_TO_THE_MODESTY_OF_WOMEN,9128,92.61,728
ST_IPC_OTHER_SEXUAL_HARASSMENT,9128,92.61,728
ST_IPC_STALKING,9128,92.61,728
ST_IPC_ASSAULT_ON_WOMEN_WITH_INTENT_TO_DISROBE,9128,92.61,728
ST_TOTAL_OF_SC_ST_PREVENTION_OF_ATROCITIES_ACT_1989,9128,92.61,728
ST_IPC_SEXUAL_HARASSMENT,9128,92.61,728
ST_IPC_ASSAULT_ON_WOMEN_WITH_INTENT_TO_OUTRAGE_HER_MODESTY,9128,92.61,728
ST_IPC_ATTEMPT_TO_COMMIT_RAPE,9128,92.61,728
ST_IPC_RAPE,9128,92.61,728
ST_IPC_ATTEMPT_TO_COMMIT_MURDER,9128,92.61,728
ST_IPC_MURDER,9128,92.61,728
ST_POA_KIDNAPPING_ABDUCTION_GRANDTOTAL,9128,92.61,728
ST_POA_INSULT_TO_THE_MODESTY_OF_WOMEN,9128,92.61,728
ST_POA_OTHER_SEXUAL_HARASSMENT,9128,92.61,728
SC_IPC_DACOITY,9128,92.61,728
WOMEN_OTHER_SLL_CRIMES_AGAINST_WOMEN,9128,92.61,728
SC_IPC_GRIEVOUS_HURT,9128,92.61,728
SC_IPC_ARSON,9128,92.61,728
SC_IPC_ROBBERY,9128,92.61,728
SC_IPC_OTHER_DACOITY,9128,92.61,728
SC_IPC_DACOITY_WITH_MURDER,9128,92.61,728
SC_IPC_OTHER_KIDNAPPING,9128,92.61,728
ST_POA_STALKING,9128,92.61,728
SC_IPC_KIDNAPPING_ABDUCTION_OF_WOMEN_TO_COMPEL_HER_FOR_MARRIAGE,9128,92.61,728
SC_IPC_KIDNAPPING_FOR_RANSOM,9128,92.61,728
SC_IPC_KIDNAPING_ABDUCTION_IN_ORDER_TO_MURDER,9128,92.61,728
SC_IPC_KIDNAPING_ABDUCTION,9128,92.61,728
SC_IPC_KIDNAPPING_ABDUCTION,9128,92.61,728
SC_IPC_INSULT_TO_THE_MODESTY_OF_WOMEN,9128,92.61,728
SC_IPC_ACID_ATTACK,9128,92.61,728
SC_IPC_ATTEMPT_TO_ACID_ATTACK,9128,92.61,728
SC_IPC_RIOTS,9128,92.61,728
SC_IPC_OTHER_IPC_CRIMES,9128,92.61,728
SC_TOTAL_IPC_CRIMES_AGAINST_SCS,9128,92.61,728
SC_MANUAL_SCAVENGERS_AND_CONSTRUCTION_OF_DRY_LATRINES_P_ACT_1993,9128,92.61,728
SC_OTHER_SLL_CRIME_AGAINST_SCS,9128,92.61,728
WOMEN_TOTAL_CRIMES_AGAINST_WOMEN,9128,92.61,728
ST_PROTECTION_OF_CIVIL_RIGHTS_ACT_1955,9128,92.61,728
ST_POA_MURDER,9128,92.61,728
ST_POA_ATTEMPT_TO_COMMIT_MURDER,9128,92.61,728
ST_POA_RAPE,9128,92.61,728
ST_POA_ATTEMPT_TO_COMMIT_RAPE,9128,92.61,728
ST_POA_ASSAULT_ON_WOMEN_WITH_INTENT_TO_OUTRAGE_HER_MODESTY,9128,92.61,728
ST_POA_SEXUAL_HARASSMENT,9128,92.61,728
ST_POA_ASSAULT_ON_WOMEN_WITH_INTENT_TO_DISROBE,9128,92.61,728
ST_POA_VOYEURISM,9128,92.61,728
ST_IPC_KIDNAPPING_FOR_RANSOM,9128,92.61,728
ST_IPC_OTHER_KIDNAPPING,9128,92.61,728
SC_IPC_STALKING,9128,92.61,728
WOMEN_ATTEMPT_TO_COMMIT_CULPABLE_HOMICIDE,9128,92.61,728
WOMEN_CAUSING_MISCARRIAGE_WITHOUT_CONSENT_OF_WOMEN,9128,92.61,728
WOMEN_DEATHS_CAUSED_WITH_INTENT_TO_CAUSE_MISCARRIAGE,9128,92.61,728
WOMEN_ATTEMPT_TO_ACID_ATTACK,9128,92.61,728
WOMEN_ACID_ATTACK,9128,92.61,728
WOMEN_HURT,9128,92.61,728
WOMEN_GRIEVOUS_HURT,9128,92.61,728
WOMEN_CULPABLE_HOMICIDE_NOT_AMOUNTING_TO_MURDER,9128,92.61,728
WOMEN_DACOITY_WITH_MURDER,9128,92.61,728
WOMEN_ATTEMPT_TO_COMMIT_MURDER,9128,92.61,728
WOMEN_MURDER,9128,92.61,728
WOMEN_IMPORTATION_OF_GIRLS_FROM_FOREIGN_COUNTRY,9128,92.61,728
WOMEN_IN_OTHER_PLACES,9128,92.61,728
WOMEN_IN_PUBLIC_TRANSPORT_SYSTEM,9128,92.61,728
WOMEN_IN_PLACES_RELATED_TO_WORK,9128,92.61,728
WOMEN_DACOITY_TOTAL,9128,92.61,728
WOMEN_OTHER_DACOITY,9128,92.61,728
ST_IPC_DACOITY,9128,92.61,728
WOMEN_COMMISSION_OF_SATI_PREVENTION_ACT_1987,9128,92.61,728
WOMEN_ITP_UNDER_SECTION_8,9128,92.61,728
WOMEN_ITP_UNDER_SECTION_7,9128,92.61,728
WOMEN_ITP_UNDER_SECTION_6,9128,92.61,728
WOMEN_ITP_UNDER_SECTION_5,9128,92.61,728
WOMEN_IMMORAL_TRAFFIC_PREVENTION_ACT,9128,92.61,728
WOMEN_PROTECTION_OF_WOMEN_FROM_DOMESTIC_VIOLENCE_ACT_2005,9128,92.61,728
WOMEN_INDECENT_REPRESENTATION_OF_WOMEN_P_ACT_1986,9128,92.61,728
WOMEN_ROBBERY,9128,92.61,728
WOMEN_DOWRY_PROHIBITION_ACT_1961,9128,92.61,728
WOMEN_OTHER_IPC_CRIMES,9128,92.61,728
WOMEN_UNNATURAL_OFFENCES,9128,92.61,728
WOMEN_ABETMENT_OF_SUICIDES_OF_WOMEN,9128,92.61,728
WOMEN_HUMANTRAFFICKING,9128,92.61,728
WOMEN_ARSON,9128,92.61,728
WOMEN_AT_OFFICE_PREMISES,9128,92.61,728
WOMEN_INSULT_TO_THE_MODESTY_OF_WOMEN_TOTAL,9128,92.61,728
WOMEN_OTHERS,9128,92.61,728
ST_IPC_ATTEMPT_TO_ACID_ATTACK,9128,92.61,728
ST_TOTAL_CRIMES_AGAINST_STS,9128,92.61,728
ST_OTHER_SLL_CRIME_AGAINST_STS,9128,92.61,728
ST_MANUAL_SCAVENGERS_AND_CONSTRUCTION_OF_DRY_LATRINES_P_ACT_1993,9128,92.61,728
ST_TOTAL_IPC_CRIMES_AGAINST_STS,9128,92.61,728
ST_IPC_OTHER_IPC_CRIMES,9128,92.61,728
ST_IPC_RIOTS,9128,92.61,728
ST_IPC_ACID_ATTACK,9128,92.61,728
WOMEN_STALKING,9128,92.61,728
ST_IPC_HURT,9128,92.61,728
ST_IPC_GRIEVOUS_HURT,9128,92.61,728
ST_IPC_ARSON,9128,92.61,728
ST_IPC_ROBBERY,9128,92.61,728
ST_IPC_OTHER_DACOITY,9128,92.61,728
ST_IPC_DACOITY_WITH_MURDER,9128,92.61,728
WOMEN_CUSTODIAL_RAPE,9128,92.61,728
WOMEN_CUSTODIAL_GANG_RAPE,9128,92.61,728
WOMEN_CUSTODIAL_OTHER_RAPE,9128,92.61,728
WOMEN_RAPE_OTHER_THAN_CUSTODIAL,9128,92.61,728
WOMEN_RAPE_GANG_RAPE,9128,92.61,728
WOMEN_RAPE_OTHERS,9128,92.61,728
WOMEN_ATTEMPT_TO_COMMIT_RAPE,9128,92.61,728
WOMEN_KIDNAPPING_ABDUCTION_TOTAL,9128,92.61,728
WOMEN_KIDNAPING_ABDUCTION,9128,92.61,728
WOMEN_KIDNAPING_ABDUCTION_IN_ORDER_TO_MURDER,9128,92.61,728
WOMEN_KIDNAPPING_FOR_RANSOM,9128,92.61,728
WOMEN_KIDNAPPING_ABDUCTION_OF_WOMEN_TO_COMPEL_HER_FOR_MARRIAGE,9128,92.61,728
WOMEN_KIDNAPING_ABDUCTION_OTHERS,9128,92.61,728
WOMEN_ASSAULT_ON_WOMEN_WITH_INTENT_TO_OUTRAGE_HER_MODESTY_TOTAL,9128,92.61,728
WOMEN_SEXUAL_HARASSMENT,9128,92.61,728
WOMEN_ASSAULT_ON_WOMEN_WITH_INTENT_TO_DISROBE,9128,92.61,728
WOMEN_VOYEURISM,9128,92.61,728
SC_IPC_OTHER_SEXUAL_HARASSMENT,9128,92.61,728
SC_IPC_HURT,9128,92.61,728
SC_IPC_VOYEURISM,9128,92.61,728
SC_POA_OTHER_KIDNAPPING,9128,92.61,728
SC_POA_KIDNAPPING_FOR_RANSOM,9128,92.61,728
SC_POA_KIDNAPING_ABDUCTION_IN_ORDER_TO_MURDER,9128,92.61,728
SC_POA_KIDNAPING_ABDUCTION_TOTAL,9128,92.61,728
SC_POA_KIDNAPPING_ABDUCTION_GRANDTOTAL,9128,92.61,728
SC_POA_INSULT_TO_THE_MODESTY_OF_WOMEN,9128,92.61,728
SC_POA_OTHER_SEXUAL_HARASSMENT,9128,92.61,728
SC_POA_STALKING,9128,92.61,728
SC_POA_VOYEURISM,9128,92.61,728
SC_POA_ASSAULT_ON_WOMEN_WITH_INTENT_TO_DISROBE,9128,92.61,728
SC_POA_SEXUAL_HARASSMENT,9128,92.61,728
SC_POA_ASSAULT_ON_WOMEN_WITH_INTENT_TO_OUTRAGE_HER_MODESTY,9128,92.61,728
SC_POA_ATTEMPT_TO_COMMIT_RAPE,9128,92.61,728
SC_POA_RAPE,9128,92.61,728
SC_POA_ATTEMPT_TO_COMMIT_MURDER,9128,92.61,728
SC_POA_MURDER,9128,92.61,728
SC_PROTECTION_OF_CIVIL_RIGHTS_ACT_1955,9128,92.61,728
SC_IPC_ASSAULT_ON_WOMEN_WITH_INTENT_TO_DISROBE,9128,92.61,728
SC_POA_KIDNAPPING_ABDUCTION_OF_WOMEN_TO_COMPEL_HER_FOR_MARRIAGE,9128,92.61,728
WOMEN_ITP_UNDER_OTHER_SECTIONS,9128,92.61,728
SC_POA_DACOITY,9128,92.61,728
SC_POA_GRIEVOUS_HURT,9128,92.61,728
SC_POA_DACOITY_WITH_MURDER,9128,92.61,728
SC_IPC_ASSAULT_ON_WOMEN_WITH_INTENT_TO_OUTRAGE_HER_MODESTY,9128,92.61,728
SC_IPC_ATTEMPT_TO_COMMIT_RAPE,9128,92.61,728
SC_IPC_RAPE,9128,92.61,728
SC_IPC_ATTEMPT_TO_COMMIT_MURDER,9128,92.61,728
SC_IPC_MURDER,9128,92.61,728
SC_TOTAL_OF_SC_ST_PREVENTION_OF_ATROCITIES_ACT_1989,9128,92.61,728
SC_POA_SC_ST_PREVENTION_OF_ATROCITIES_ACT_ONLY,9128,92.61,728
SC_POA_OTHER_IPC_CRIMES,9128,92.61,728
SC_POA_ATTEMPT_TO_ACID_ATTACK,9128,92.61,728
SC_POA_ACID_ATTACK,9128,92.61,728
SC_POA_HURT,9128,92.61,728
SC_POA_RIOTS,9128,92.61,728
SC_POA_ARSON,9128,92.61,728
SC_POA_ROBBERY,9128,92.61,728
SC_POA_OTHER_DACOITY,9128,92.61,728
SC_IPC_SEXUAL_HARASSMENT,9128,92.61,728
IPC_RIOTS_COMMUNAL,9127,92.6,729
IPC_COUNTERFEIT_CURRENCY_BANK_NOTES,9127,92.6,729
IPC_RIOTS_POLITICAL,9127,92.6,729
IPC_RIOTS_CASTE_CONFLICT,9127,92.6,729
IPC_RIOTS_SC_STS_VS_NON_SCS_STS,9127,92.6,729
IPC_RIOTS_OTHER_CASTE_CONFLICT,9127,92.6,729
IPC_RIOTS_AGRARIAN,9127,92.6,729
IPC_RIOTS_STUDENTS,9127,92.6,729
IPC_RIOTS_SECTARIAN,9127,92.6,729
IPC_RIOTS_OTHERS,9127,92.6,729
IPC_FORGERY,9127,92.6,729
IPC_COUNTERFEIT_OFFENCES_RELATED_TO_COUNTERFEIT_COIN,9127,92.6,729
IPC_COUNTERFEITING_GOVERNMENT_STAMP,9127,92.6,729
IPC_GRIEVOUS_HURT,9127,92.6,729
IPC_MAKING_OR_USING_DOCUMENTS_RESEMBLING_CURRENCY,9127,92.6,729
IPC_MAKING_OR_POSSESSING_MATERIALS_FOR_FORGED_CURRENCY_BANK_NOTES,9127,92.6,729
IPC_POSSESSION_OF_FORGED_OR_COUNTERFEITING_CURRENCY_BANK_NOTES,9127,92.6,729
IPC_USING_FORGED_OR_COUNTERFEITING_CURRENCY_BANK_NOTES,9127,92.6,729
IPC_COUNTERFEITING_CURRENCY_NOTES_BANK_NOTES,9127,92.6,729
IPC_RIOTS_INDUSTRIAL,9127,92.6,729
IPC_DACOITY_WITH_MURDER,9127,92.6,729
IPC_UNLAWFUL_ASSEMBLY,9127,92.6,729
IPC_OTHER_THEFTS,9127,92.6,729
IPC_ATTEMPT_TO_COMMIT_MURDER,9127,92.6,729
IPC_ATTEMPT_TO_COMMIT_CULPABLE_HOMICIDE,9127,92.6,729
IPC_CUSTODIAL_GANG_RAPE,9127,92.6,729
IPC_CUSTODIAL_OTHER_RAPE,9127,92.6,729
IPC_RAPE_OTHER_THAN_CUSTODIAL,9127,92.6,729
IPC_RAPE_GANG_RAPE,9127,92.6,729
IPC_RAPE_OTHERS,9127,92.6,729
IPC_ATTEMPT_TO_COMMIT_RAPE,9127,92.6,729
IPC_KIDNAPPING_ABDUCTION_TOTAL,9127,92.6,729
IPC_KIDNAPPING_ABDUCTION_IN_ORDER_TO_MURDER,9127,92.6,729
IPC_KIDNAPPING_FOR_RANSOM,9127,92.6,729
IPC_KIDNAPPING_ABDUCTION_OF_WOMEN_TO_COMPEL_HER_FOR_MARRIAGE,9127,92.6,729
IPC_OTHER_KIDNAPPING,9127,92.6,729
IPC_ATTEMPT_TO_ACID_ATTACK,9127,92.6,729
IPC_OTHER_DACOITY,9127,92.6,729
IPC_MAKING_PREPARATION_AND_ASSEMBLY_FOR_COMMITTING_DACOITY,9127,92.6,729
IPC_CRIMINAL_TRESPASS_BURGLARY,9127,92.6,729
IPC_CRIMINAL_TRESPASS_OR_BURGLARY,9127,92.6,729
IPC_HOUSE_TRESPASS_HOUSE_BREAKING,9127,92.6,729
IPC_ACID_ATTACK,9127,92.6,729
IPC_COUNTERFEITING,9127,92.6,729
IPC_SEXUAL_HARASSMENT,9127,92.6,729
IPC_OFFENCES_AGAINST_STATE,9127,92.6,729
IPC_TOTAL_COGNIZABLE_IPC_CRIMES,9127,92.6,729
IPC_ASSAULT_OR_USE_OF_CRIMINAL_FORCE_TO_WOMEN_WITH_INTENT_TO_DISROBE,9127,92.6,729
IPC_HUMANTRAFFICKING,9127,92.6,729
IPC_INCIDENCE_OF_RASH_DRIVING,9127,92.6,729
IPC_DISCLOSURE_OF_IDENTITY_OF_VICTIMS,9127,92.6,729
IPC_EXTORTION,9127,92.6,729
IPC_IMPUTATION_ASSERTIONS_PREJUDICIAL_TO_NATIONAL_INTEGRATION,9127,92.6,729
IPC_PROMOTING_ENMITY_BETWEEN_DIFFERENT_GROUPS,9127,92.6,729
IPC_OFFENCES_PROMOTING_ENMITY_BETWEEN_DIFFERENT_GROUPS,9127,92.6,729
IPC_OTHER_OFFENCES_AGAINST_STATE,9127,92.6,729
IPC_SEDITION,9127,92.6,729
IPC_UNNATURAL_OFFENCE,9127,92.6,729
IPC_HURT,9127,92.6,729
IPC_PLACES_OTHER_THAN_231_232_233,9127,92.6,729
IPC_DEATHS_DUE_TO_NEGLIGENT_DRIVING_ACT,9127,92.6,729
IPC_DEATHS_DUE_TO_OTHER_CAUSES,9127,92.6,729
IPC_IN_PUBLIC_TRANSPORT_SYSTEM,9127,92.6,729
IPC_OTHER_PLACES_RELATED_TO_WORK,9127,92.6,729
IPC_AT_OFFICE_PREMISES,9127,92.6,729
IPC_INSULT_TO_THE_MODESTY_OF_WOMEN,9127,92.6,729
IPC_OTHER_ASSAULT_ON_WOMEN,9127,92.6,729
IPC_STALKING,9127,92.6,729
IPC_VOYEURISM,9127,92.6,729
IPC_IMPORTATION_OF_GIRLS_FROM_FOREIGN_COUNTRY,9127,92.6,729
CHILDREN_INFANTICID,9121,92.54,735
CHILDREN_OTHER_MURDER,9121,92.54,735
CHILDREN_MURDER,1737,17.62,8119
SC_MURDER,1003,10.18,8853
SC_RAPE,1003,10.18,8853
SC_KIDNAPPING_AND_ABDUCTION,1003,10.18,8853
SC_DACOITY,1003,10.18,8853
SC_ROBBERY,1003,10.18,8853
SC_HURT,1003,10.18,8853
SC_PREVENTION_OF_ATROCITIES_POA_ACT,1003,10.18,8853
SC_PROTECTION_OF_CIVIL_RIGHTS_PCR_ACT,1003,10.18,8853
SC_OTHER_CRIMES_AGAINST_SCS,1003,10.18,8853
SC_ARSON,1003,10.18,8853
CHILDREN_RAPE,1002,10.17,8854
CHILDREN_SELLING_OF_GIRLS_FOR_PROSTITUTION,1002,10.17,8854
CHILDREN_FOETICIDE,1002,10.17,8854
CHILDREN_ABETMENT_OF_SUICIDE,1002,10.17,8854
CHILDREN_EXPOSURE_AND_ABANDONMENT,1002,10.17,8854
CHILDREN_PROCURATION_OF_MINOR_GIRLS,1002,10.17,8854
CHILDREN_KIDNAPPING_AND_ABDUCTION,1002,10.17,8854
CHILDREN_BUYING_OF_GIRLS_FOR_PROSTITUTION,1002,10.17,8854
CHILDREN_PROHIBITION_OF_CHILD_MARRIAGE_ACT,1002,10.17,8854
CHILDREN_OTHER_CRIMES,1002,10.17,8854
CHILDREN_TOTAL,992,10.06,8864
ST_PROTECTION_OF_CIVIL_RIGHTS_PCR_ACT,968,9.82,8888
ST_ARSON,968,9.82,8888
ST_ROBBERY,968,9.82,8888
ST_DACOITY,968,9.82,8888
ST_RAPE,968,9.82,8888
ST_MURDER,968,9.82,8888
ST_HURT,968,9.82,8888
ST_KIDNAPPING_ABDUCTION,968,9.82,8888
ST_PREVENTION_OF_ATROCITIES_POA_ACT,968,9.82,8888
ST_OTHER_CRIMES_AGAINST_STS,968,9.82,8888
IPC_HURT_GREVIOUS_HURT,954,9.68,8902
IPC_ATTEMPT_TO_MURDER,954,9.68,8902
IPC_OTHER_RAPE,954,9.68,8902
IPC_KIDNAPPING_AND_ABDUCTION_OF_WOMEN_AND_GIRLS,954,9.68,8902
IPC_KIDNAPPING_AND_ABDUCTION_OF_OTHERS,954,9.68,8902
IPC_PREPARATION_AND_ASSEMBLY_FOR_DACOITY,954,9.68,8902
IPC_BURGLARY,954,9.68,8902
IPC_OTHER_THEFT,954,9.68,8902
IPC_COUNTERFIETING,954,9.68,8902
WOMEN_IMPORTATION_OF_GIRLS,954,9.68,8902
IPC_IMPORTATION_OF_GIRLS_FROM_FOREIGN_COUNTRIES,954,9.68,8902
IPC_TOTAL_IPC_CRIMES,954,9.68,8902
WOMEN_INSULT_TO_MODESTY_OF_WOMEN,954,9.68,8902
WOMEN_ASSAULT_ON_WOMEN_WITH_INTENT_TO_OUTRAGE_HER_MODESTY,954,9.68,8902
IPC_INSULT_TO_MODESTY_OF_WOMEN,954,9.68,8902
WOMEN_KIDNAPPING_AND_ABDUCTION,954,9.68,8902
WOMEN_RAPE,226,2.29,9630
WOMEN_CRUELTY_BY_HUSBAND_OR_HIS_RELATIVES,226,2.29,9630
WOMEN_DOWRY_DEATHS,226,2.29,9630
IPC_ASSAULT_ON_WOMEN_WITH_INTENT_TO_OUTRAGE_HER_MODESTY,225,2.28,9631
IPC_CUSTODIAL_RAPE,225,2.28,9631
IPC_KIDNAPPING_ABDUCTION,225,2.28,9631
IPC_DOWRY_DEATHS,225,2.28,9631
IPC_CULPABLE_HOMICIDE_NOT_AMOUNTING_TO_MURDER,225,2.28,9631
IPC_CRUELTY_BY_HUSBAND_OR_HIS_RELATIVES,225,2.28,9631
IPC_CRIMINAL_BREACH_OF_TRUST,225,2.28,9631
IPC_AUTO_THEFT,225,2.28,9631
IPC_CAUSING_DEATH_BY_NEGLIGENCE,225,2.28,9631
IPC_OTHER_IPC_CRIMES,225,2.28,9631
IPC_ARSON,225,2.28,9631
IPC_CHEATING,225,2.28,9631
IPC_RIOTS,225,2.28,9631
IPC_THEFT,225,2.28,9631
IPC_ROBBERY,225,2.28,9631
IPC_DACOITY,225,2.28,9631
IPC_RAPE,225,2.28,9631
IPC_MURDER,225,2.28,9631
UNIT_NAME,0,0.0,9856
IPC_AVAILABLE,0,0.0,9856
SC_AVAILABLE,0,0.0,9856
ST_AVAILABLE,0,0.0,9856
CHILDREN_AVAILABLE,0,0.0,9856
WOMEN_AVAILABLE,0,0.0,9856
YEAR,0,0.0,9856
STATE,0,0.0,9856
