feature,q1,q3,iqr,upper_bound,outlier_count,outlier_pct
ST_RAPE,0.0,0.0,0.0,0.0,2151,24.2
ST_HURT,0.0,0.0,0.0,0.0,1967,22.13
SC_KIDNAPPING_AND_ABDUCTION,0.0,0.0,0.0,0.0,1913,21.61
ST_PREVENTION_OF_ATROCITIES_POA_ACT,0.0,0.0,0.0,0.0,1873,21.07
CHILDREN_EXPOSURE_AND_ABANDONMENT,0.0,0.0,0.0,0.0,1749,19.75
ST_OTHER_CRIMES_AGAINST_STS,0.0,2.0,2.0,5.0,1576,17.73
CHILDREN_OTHER_CRIMES,0.0,4.0,4.0,10.0,1473,16.64
SC_ARSON,0.0,0.0,0.0,0.0,1416,15.99
SC_PREVENTION_OF_ATROCITIES_POA_ACT,0.0,14.0,14.0,35.0,1193,13.48
IPC_PREPARATION_AND_ASSEMBLY_FOR_DACOITY,0.0,2.0,2.0,5.0,1148,12.9
SC_HURT,0.0,5.0,5.0,12.5,1121,12.66
WOMEN_INSULT_TO_MODESTY_OF_WOMEN,0.0,11.0,11.0,27.5,1121,12.59
IPC_INSULT_TO_MODESTY_OF_WOMEN,0.0,11.0,11.0,27.5,1121,12.59
SC_OTHER_CRIMES_AGAINST_SCS,0.0,18.0,18.0,45.0,1109,12.53
CHILDREN_KIDNAPPING_AND_ABDUCTION,0.0,10.0,10.0,25.0,1093,12.34
SC_MURDER,0.0,1.0,1.0,2.5,1086,12.27
ST_MURDER,0.0,0.0,0.0,0.0,1042,11.72
IPC_AUTO_THEFT,12.0,134.0,122.0,317.0,996,10.34
IPC_CULPABLE_HOMICIDE_NOT_AMOUNTING_TO_MURDER,0.0,6.0,6.0,15.0,976,10.13
IPC_CHEATING,12.0,99.0,87.0,229.5,954,9.91
IPC_DACOITY,1.0,8.0,7.0,18.5,873,9.06
IPC_THEFT,83.0,428.0,345.0,945.5,865,8.98
IPC_KIDNAPPING_AND_ABDUCTION_OF_OTHERS,1.0,12.0,11.0,28.5,856,9.62
CHILDREN_RAPE,0.0,9.0,9.0,22.5,838,9.46
IPC_CRIMINAL_BREACH_OF_TRUST,3.0,25.0,22.0,58.0,824,8.56
IPC_COUNTERFIETING,0.0,3.0,3.0,7.5,821,9.22
IPC_HURT_GREVIOUS_HURT,38.0,467.0,429.0,1110.5,806,9.05
CHILDREN_TOTAL,0.0,37.0,37.0,92.5,802,9.05
IPC_CRUELTY_BY_HUSBAND_OR_HIS_RELATIVES,10.0,131.0,121.0,312.5,778,8.08
WOMEN_CRUELTY_BY_HUSBAND_OR_HIS_RELATIVES,10.0,131.0,121.0,312.5,778,8.08
IPC_RIOTS,10.0,111.0,101.0,262.5,727,7.55
IPC_OTHER_THEFT,59.0,282.0,223.0,616.5,723,8.12
IPC_KIDNAPPING_ABDUCTION,8.0,55.0,47.0,125.5,715,7.42
CHILDREN_PROHIBITION_OF_CHILD_MARRIAGE_ACT,0.0,0.0,0.0,0.0,713,8.05
IPC_ASSAULT_ON_WOMEN_WITH_INTENT_TO_OUTRAGE_HER_MODESTY,9.0,78.0,69.0,181.5,696,7.23
ST_KIDNAPPING_ABDUCTION,0.0,0.0,0.0,0.0,676,7.61
WOMEN_ASSAULT_ON_WOMEN_WITH_INTENT_TO_OUTRAGE_HER_MODESTY,9.0,73.0,64.0,169.0,673,7.56
IPC_ROBBERY,6.0,35.0,29.0,78.5,672,6.98
WOMEN_KIDNAPPING_AND_ABDUCTION,6.0,43.0,37.0,98.5,664,7.46
IPC_KIDNAPPING_AND_ABDUCTION_OF_WOMEN_AND_GIRLS,6.0,43.0,37.0,98.5,664,7.46
SC_RAPE,0.0,3.0,3.0,7.5,605,6.83
CHILDREN_FOETICIDE,0.0,0.0,0.0,0.0,601,6.79
SC_PROTECTION_OF_CIVIL_RIGHTS_PCR_ACT,0.0,0.0,0.0,0.0,566,6.39
SC_ROBBERY,0.0,0.0,0.0,0.0,562,6.35
CHILDREN_PROCURATION_OF_MINOR_GIRLS,0.0,0.0,0.0,0.0,557,6.29
IPC_ATTEMPT_TO_MURDER,10.0,55.0,45.0,122.5,536,6.02
CHILDREN_MURDER,0.0,3.0,3.0,7.5,521,6.42
IPC_OTHER_IPC_CRIMES,241.0,1513.0,1272.0,3421.0,510,5.3
IPC_CAUSING_DEATH_BY_NEGLIGENCE,5.5,167.0,161.5,409.25,508,5.27
IPC_ARSON,2.0,18.0,16.0,42.0,506,5.25
WOMEN_DOWRY_DEATHS,0.0,16.0,16.0,40.0,504,5.23
IPC_DOWRY_DEATHS,0.0,16.0,16.0,40.0,504,5.23
IPC_BURGLARY,27.0,161.0,134.0,362.0,499,5.61
WOMEN_RAPE,8.0,42.0,34.0,93.0,472,4.9
IPC_RAPE,8.0,42.0,34.0,93.0,472,4.9
IPC_MURDER,17.0,62.0,45.0,129.5,469,4.87
IPC_OTHER_RAPE,8.0,40.0,32.0,88.0,437,4.91
IPC_TOTAL_IPC_CRIMES,811.25,3730.75,2919.5,8110.0,416,4.67
CHILDREN_ABETMENT_OF_SUICIDE,0.0,0.0,0.0,0.0,352,3.98
ST_ARSON,0.0,0.0,0.0,0.0,338,3.8
SC_DACOITY,0.0,0.0,0.0,0.0,277,3.13
IPC_IMPORTATION_OF_GIRLS_FROM_FOREIGN_COUNTRIES,0.0,0.0,0.0,0.0,192,2.16
WOMEN_IMPORTATION_OF_GIRLS,0.0,0.0,0.0,0.0,192,2.16
CHILDREN_SELLING_OF_GIRLS_FOR_PROSTITUTION,0.0,0.0,0.0,0.0,189,2.13
WOMEN_CULPABLE_HOMICIDE_NOT_AMOUNTING_TO_MURDER,0.0,0.0,0.0,0.0,181,24.86
WOMEN_ARSON,0.0,0.0,0.0,0.0,176,24.18
IPC_KIDNAPPING_ABDUCTION_IN_ORDER_TO_MURDER,0.0,0.0,0.0,0.0,162,22.22
IPC_UNLAWFUL_ASSEMBLY,0.0,1.0,1.0,2.5,160,21.95
WOMEN_DOWRY_PROHIBITION_ACT_1961,0.0,1.25,1.25,3.125,159,21.84
ST_POA_SC_ST_PREVENTION_OF_ATROCITIES_ACT_ONLY,0.0,0.0,0.0,0.0,157,21.57
ST_ROBBERY,0.0,0.0,0.0,0.0,157,1.77
ST_POA_ASSAULT_ON_WOMEN_WITH_INTENT_TO_OUTRAGE_HER_MODESTY,0.0,0.0,0.0,0.0,156,21.43
IPC_ATTEMPT_TO_COMMIT_CULPABLE_HOMICIDE,0.0,0.0,0.0,0.0,153,20.99
SC_POA_RIOTS,0.0,0.0,0.0,0.0,153,21.02
SC_POA_SEXUAL_HARASSMENT,0.0,0.0,0.0,0.0,147,20.19
SC_POA_ATTEMPT_TO_COMMIT_MURDER,0.0,0.0,0.0,0.0,143,19.64
WOMEN_OTHER_SLL_CRIMES_AGAINST_WOMEN,0.0,2.0,2.0,5.0,143,19.64
IPC_RIOTS_POLITICAL,0.0,0.0,0.0,0.0,135,18.52
IPC_ACID_ATTACK,0.0,0.0,0.0,0.0,131,17.97
WOMEN_IMMORAL_TRAFFIC_PREVENTION_ACT,0.0,1.0,1.0,2.5,130,17.86
WOMEN_ITP_UNDER_OTHER_SECTIONS,0.0,0.0,0.0,0.0,130,17.86
IPC_UNNATURAL_OFFENCE,0.0,1.0,1.0,2.5,129,17.7
SC_POA_KIDNAPPING_ABDUCTION_OF_WOMEN_TO_COMPEL_HER_FOR_MARRIAGE,0.0,0.0,0.0,0.0,127,17.45
WOMEN_KIDNAPING_ABDUCTION,0.0,12.0,12.0,30.0,125,17.17
IPC_HUMANTRAFFICKING,0.0,0.0,0.0,0.0,124,17.01
SC_POA_GRIEVOUS_HURT,0.0,1.0,1.0,2.5,124,17.03
IPC_USING_FORGED_OR_COUNTERFEITING_CURRENCY_BANK_NOTES,0.0,0.0,0.0,0.0,124,17.01
SC_POA_HURT,0.0,1.0,1.0,2.5,123,16.9
WOMEN_KIDNAPING_ABDUCTION_OTHERS,0.0,7.0,7.0,17.5,122,16.76
WOMEN_ROBBERY,0.0,4.0,4.0,10.0,121,16.62
WOMEN_IN_OTHER_PLACES,0.0,4.0,4.0,10.0,117,16.07
IPC_PLACES_OTHER_THAN_231_232_233,0.0,4.0,4.0,10.0,117,16.05
SC_POA_SC_ST_PREVENTION_OF_ATROCITIES_ACT_ONLY,0.0,7.0,7.0,17.5,116,15.93
WOMEN_OTHER_IPC_CRIMES,0.0,51.0,51.0,127.5,115,15.8
WOMEN_ASSAULT_ON_WOMEN_WITH_INTENT_TO_DISROBE,0.0,6.0,6.0,15.0,114,15.66
SC_POA_OTHER_SEXUAL_HARASSMENT,0.0,1.0,1.0,2.5,114,15.66
IPC_ASSAULT_OR_USE_OF_CRIMINAL_FORCE_TO_WOMEN_WITH_INTENT_TO_DISROBE,0.0,6.0,6.0,15.0,114,15.64
ST_POA_OTHER_SEXUAL_HARASSMENT,0.0,0.0,0.0,0.0,111,15.25
ST_POA_OTHER_IPC_CRIMES,0.0,2.0,2.0,5.0,110,15.11
IPC_FORGERY,0.0,6.0,6.0,15.0,108,14.81
WOMEN_ITP_UNDER_SECTION_5,0.0,0.0,0.0,0.0,106,14.56
WOMEN_INSULT_TO_THE_MODESTY_OF_WOMEN_TOTAL,0.0,5.0,5.0,12.5,106,14.56
IPC_INSULT_TO_THE_MODESTY_OF_WOMEN,0.0,5.0,5.0,12.5,106,14.54
ST_POA_RAPE,0.0,1.0,1.0,2.5,104,14.29
SC_POA_ARSON,0.0,0.0,0.0,0.0,100,13.74
WOMEN_ATTEMPT_TO_COMMIT_RAPE,0.0,4.0,4.0,10.0,99,13.6
IPC_ATTEMPT_TO_COMMIT_RAPE,0.0,4.0,4.0,10.0,99,13.58
WOMEN_DACOITY_TOTAL,0.0,0.0,0.0,0.0,98,13.46
IPC_STALKING,0.0,4.0,4.0,10.0,96,13.17
WOMEN_HUMANTRAFFICKING,0.0,0.0,0.0,0.0,96,13.19
WOMEN_STALKING,0.0,4.0,4.0,10.0,96,13.19
WOMEN_ACID_ATTACK,0.0,0.0,0.0,0.0,96,13.19
ST_PROTECTION_OF_CIVIL_RIGHTS_PCR_ACT,0.0,0.0,0.0,0.0,95,1.07
SC_POA_OTHER_IPC_CRIMES,0.0,29.0,29.0,72.5,95,13.05
SC_POA_ASSAULT_ON_WOMEN_WITH_INTENT_TO_OUTRAGE_HER_MODESTY,0.0,3.0,3.0,7.5,95,13.05
SC_TOTAL_IPC_CRIMES_AGAINST_SCS,0.0,0.0,0.0,0.0,95,13.05
IPC_RIOTS_CASTE_CONFLICT,0.0,0.0,0.0,0.0,94,12.89
SC_POA_KIDNAPPING_ABDUCTION_GRANDTOTAL,0.0,1.0,1.0,2.5,93,12.77
ST_POA_MURDER,0.0,0.0,0.0,0.0,93,12.77
ST_TOTAL_CRIMES_AGAINST_STS,0.0,11.0,11.0,27.5,92,12.64
IPC_OFFENCES_PROMOTING_ENMITY_BETWEEN_DIFFERENT_GROUPS,0.0,0.0,0.0,0.0,92,12.62
WOMEN_OTHER_DACOITY,0.0,0.0,0.0,0.0,92,12.64
IPC_DEATHS_DUE_TO_OTHER_CAUSES,0.0,5.0,5.0,12.5,91,12.48
SC_POA_MURDER,0.0,1.0,1.0,2.5,91,12.5
WOMEN_ABETMENT_OF_SUICIDES_OF_WOMEN,0.0,4.0,4.0,10.0,91,12.5
WOMEN_RAPE_GANG_RAPE,0.0,3.0,3.0,7.5,89,12.23
ST_TOTAL_OF_SC_ST_PREVENTION_OF_ATROCITIES_ACT_1989,0.0,10.0,10.0,25.0,89,12.23
IPC_RAPE_GANG_RAPE,0.0,3.0,3.0,7.5,89,12.21
IPC_PROMOTING_ENMITY_BETWEEN_DIFFERENT_GROUPS,0.0,0.0,0.0,0.0,86,11.8
ST_POA_KIDNAPPING_ABDUCTION_GRANDTOTAL,0.0,0.0,0.0,0.0,86,11.81
IPC_HOUSE_TRESPASS_HOUSE_BREAKING,0.0,36.0,36.0,90.0,84,11.52
IPC_RIOTS_COMMUNAL,0.0,0.0,0.0,0.0,83,11.39
WOMEN_HURT,0.0,9.0,9.0,22.5,82,11.26
IPC_MAKING_PREPARATION_AND_ASSEMBLY_FOR_COMMITTING_DACOITY,0.0,2.0,2.0,5.0,82,11.25
WOMEN_GRIEVOUS_HURT,0.0,9.25,9.25,23.125,81,11.13
IPC_RIOTS_AGRARIAN,0.0,0.0,0.0,0.0,81,11.11
ST_POA_GRIEVOUS_HURT,0.0,0.0,0.0,0.0,80,10.99
ST_DACOITY,0.0,0.0,0.0,0.0,80,0.9
ST_POA_HURT,0.0,0.0,0.0,0.0,79,10.85
IPC_GRIEVOUS_HURT,12.0,125.0,113.0,294.5,76,10.43
IPC_HURT,12.0,124.0,112.0,292.0,76,10.43
IPC_EXTORTION,0.0,11.0,11.0,27.5,76,10.43
IPC_OTHER_KIDNAPPING,0.0,28.0,28.0,70.0,75,10.29
CHILDREN_BUYING_OF_GIRLS_FOR_PROSTITUTION,0.0,0.0,0.0,0.0,74,0.84
SC_IPC_OTHER_IPC_CRIMES,0.0,0.0,0.0,0.0,74,10.16
ST_POA_SEXUAL_HARASSMENT,0.0,0.0,0.0,0.0,71,9.75
IPC_KIDNAPPING_FOR_RANSOM,0.0,1.0,1.0,2.5,71,9.74
IPC_SEXUAL_HARASSMENT,0.0,32.0,32.0,80.0,70,9.6
WOMEN_SEXUAL_HARASSMENT,0.0,32.0,32.0,80.0,70,9.62
IPC_RIOTS_OTHERS,3.0,90.0,87.0,220.5,70,9.6
WOMEN_ATTEMPT_TO_COMMIT_MURDER,0.0,6.0,6.0,15.0,68,9.34
IPC_INCIDENCE_OF_RASH_DRIVING,34.0,465.0,431.0,1111.5,66,9.05
IPC_COUNTERFEITING_CURRENCY_NOTES_BANK_NOTES,0.0,1.0,1.0,2.5,66,9.05
IPC_KIDNAPPING_ABDUCTION_OF_WOMEN_TO_COMPEL_HER_FOR_MARRIAGE,0.0,53.0,53.0,132.5,65,8.92
IPC_VOYEURISM,0.0,1.0,1.0,2.5,64,8.78
WOMEN_KIDNAPPING_ABDUCTION_OF_WOMEN_TO_COMPEL_HER_FOR_MARRIAGE,0.0,53.25,53.25,133.125,64,8.79
WOMEN_VOYEURISM,0.0,1.0,1.0,2.5,64,8.79
SC_POA_OTHER_KIDNAPPING,0.0,0.0,0.0,0.0,64,8.79
IPC_OTHER_THEFTS,50.0,270.0,220.0,600.0,63,8.64
WOMEN_UNNATURAL_OFFENCES,0.0,0.0,0.0,0.0,62,8.52
SC_POA_KIDNAPING_ABDUCTION_TOTAL,0.0,0.0,0.0,0.0,60,8.24
SC_POA_ASSAULT_ON_WOMEN_WITH_INTENT_TO_DISROBE,0.0,0.0,0.0,0.0,59,8.1
SC_TOTAL_CRIMES_AGAINST_SCS,1.0,78.25,77.25,194.125,58,7.97
ST_TOTAL_IPC_CRIMES_AGAINST_STS,0.0,0.0,0.0,0.0,58,7.97
IPC_DACOITY_WITH_MURDER,0.0,0.0,0.0,0.0,56,7.68
IPC_RIOTS_SC_STS_VS_NON_SCS_STS,0.0,0.0,0.0,0.0,56,7.68
IPC_POSSESSION_OF_FORGED_OR_COUNTERFEITING_CURRENCY_BANK_NOTES,0.0,0.0,0.0,0.0,56,7.68
ST_POA_RIOTS,0.0,0.0,0.0,0.0,54,7.42
IPC_CUSTODIAL_RAPE,0.0,0.0,0.0,0.0,54,0.56
IPC_COUNTERFEITING,0.0,2.0,2.0,5.0,53,7.27
SC_TOTAL_OF_SC_ST_PREVENTION_OF_ATROCITIES_ACT_1989,1.0,72.0,71.0,178.5,52,7.14
IPC_RIOTS_OTHER_CASTE_CONFLICT,0.0,0.0,0.0,0.0,51,7.0
IPC_ATTEMPT_TO_COMMIT_MURDER,11.0,63.0,52.0,141.0,51,7.0
IPC_COUNTERFEIT_CURRENCY_BANK_NOTES,0.0,2.0,2.0,5.0,51,7.0
WOMEN_TOTAL_CRIMES_AGAINST_WOMEN,149.0,731.0,582.0,1604.0,50,6.87
CHILDREN_OTHER_MURDER,0.0,3.0,3.0,7.5,49,6.67
IPC_OTHER_DACOITY,0.0,7.0,7.0,17.5,49,6.72
WOMEN_ATTEMPT_TO_COMMIT_CULPABLE_HOMICIDE,0.0,0.0,0.0,0.0,49,6.73
IPC_KIDNAPPING_ABDUCTION_TOTAL,21.0,130.0,109.0,293.5,48,6.58
CHILDREN_INFANTICID,0.0,0.0,0.0,0.0,47,6.39
SC_POA_STALKING,0.0,0.0,0.0,0.0,47,6.46
SC_POA_RAPE,0.0,4.0,4.0,10.0,47,6.46
ST_POA_ATTEMPT_TO_COMMIT_MURDER,0.0,0.0,0.0,0.0,46,6.32
WOMEN_KIDNAPPING_ABDUCTION_TOTAL,14.0,100.25,86.25,229.625,45,6.18
IPC_OTHER_PLACES_RELATED_TO_WORK,0.0,0.0,0.0,0.0,45,6.17
WOMEN_IN_PLACES_RELATED_TO_WORK,0.0,0.0,0.0,0.0,45,6.18
ST_IPC_OTHER_IPC_CRIMES,0.0,0.0,0.0,0.0,44,6.04
SC_IPC_ASSAULT_ON_WOMEN_WITH_INTENT_TO_OUTRAGE_HER_MODESTY,0.0,0.0,0.0,0.0,44,6.04
WOMEN_PROTECTION_OF_WOMEN_FROM_DOMESTIC_VIOLENCE_ACT_2005,0.0,0.0,0.0,0.0,44,6.04
IPC_OTHER_ASSAULT_ON_WOMEN,1.0,89.0,88.0,221.0,42,5.76
WOMEN_OTHERS,1.0,89.25,88.25,221.625,42,5.77
IPC_CRIMINAL_TRESPASS_BURGLARY,29.0,174.0,145.0,391.5,41,5.62
WOMEN_KIDNAPING_ABDUCTION_IN_ORDER_TO_MURDER,0.0,0.0,0.0,0.0,41,5.63
SC_POA_ATTEMPT_TO_COMMIT_RAPE,0.0,0.0,0.0,0.0,41,5.63
IPC_RIOTS_STUDENTS,0.0,0.0,0.0,0.0,41,5.62
WOMEN_KIDNAPPING_FOR_RANSOM,0.0,0.0,0.0,0.0,40,5.49
IPC_CRIMINAL_TRESPASS_OR_BURGLARY,7.0,135.0,128.0,327.0,39,5.35
IPC_OFFENCES_AGAINST_STATE,0.0,0.0,0.0,0.0,39,5.35
WOMEN_ASSAULT_ON_WOMEN_WITH_INTENT_TO_OUTRAGE_HER_MODESTY_TOTAL,16.0,151.0,135.0,353.5,37,5.08
SC_POA_ROBBERY,0.0,0.0,0.0,0.0,37,5.08
IPC_ATTEMPT_TO_ACID_ATTACK,0.0,0.0,0.0,0.0,37,5.08
WOMEN_RAPE_OTHERS,12.0,62.25,50.25,137.625,37,5.08
IPC_RAPE_OTHERS,12.0,62.0,50.0,137.0,37,5.08
ST_POA_KIDNAPPING_ABDUCTION_OF_WOMEN_TO_COMPEL_HER_FOR_MARRIAGE,0.0,0.0,0.0,0.0,36,4.95
IPC_TOTAL_COGNIZABLE_IPC_CRIMES,901.0,4604.0,3703.0,10158.5,36,4.94
SC_IPC_GRIEVOUS_HURT,0.0,0.0,0.0,0.0,36,4.95
SC_IPC_HURT,0.0,0.0,0.0,0.0,36,4.95
WOMEN_RAPE_OTHER_THAN_CUSTODIAL,13.0,67.0,54.0,148.0,35,4.81
IPC_RAPE_OTHER_THAN_CUSTODIAL,13.0,67.0,54.0,148.0,35,4.8
WOMEN_CUSTODIAL_RAPE,0.0,0.0,0.0,0.0,34,4.67
WOMEN_ATTEMPT_TO_ACID_ATTACK,0.0,0.0,0.0,0.0,33,4.53
WOMEN_CUSTODIAL_OTHER_RAPE,0.0,0.0,0.0,0.0,32,4.4
IPC_CUSTODIAL_OTHER_RAPE,0.0,0.0,0.0,0.0,32,4.39
SC_IPC_OTHER_SEXUAL_HARASSMENT,0.0,0.0,0.0,0.0,31,4.26
ST_POA_OTHER_KIDNAPPING,0.0,0.0,0.0,0.0,31,4.26
SC_OTHER_SLL_CRIME_AGAINST_SCS,0.0,0.0,0.0,0.0,31,4.26
SC_IPC_RAPE,0.0,0.0,0.0,0.0,30,4.12
IPC_OTHER_OFFENCES_AGAINST_STATE,0.0,0.0,0.0,0.0,29,3.98
WOMEN_MURDER,2.0,16.0,14.0,37.0,29,3.98
SC_IPC_KIDNAPPING_ABDUCTION,0.0,0.0,0.0,0.0,28,3.85
IPC_RIOTS_INDUSTRIAL,0.0,0.0,0.0,0.0,28,3.84
IPC_DEATHS_DUE_TO_NEGLIGENT_DRIVING_ACT,27.0,221.0,194.0,512.0,27,3.7
WOMEN_ITP_UNDER_SECTION_6,0.0,0.0,0.0,0.0,27,3.71
SC_IPC_MURDER,0.0,0.0,0.0,0.0,26,3.57
WOMEN_AT_OFFICE_PREMISES,0.0,0.0,0.0,0.0,25,3.43
IPC_AT_OFFICE_PREMISES,0.0,0.0,0.0,0.0,25,3.43
SC_POA_INSULT_TO_THE_MODESTY_OF_WOMEN,0.0,0.0,0.0,0.0,23,3.16
ST_IPC_ASSAULT_ON_WOMEN_WITH_INTENT_TO_OUTRAGE_HER_MODESTY,0.0,0.0,0.0,0.0,23,3.16
WOMEN_INDECENT_REPRESENTATION_OF_WOMEN_P_ACT_1986,0.0,0.0,0.0,0.0,23,3.16
SC_IPC_RIOTS,0.0,0.0,0.0,0.0,23,3.16
ST_POA_KIDNAPING_ABDUCTION_TOTAL,0.0,0.0,0.0,0.0,22,3.02
SC_POA_DACOITY,0.0,0.0,0.0,0.0,21,2.88
IPC_IN_PUBLIC_TRANSPORT_SYSTEM,0.0,0.0,0.0,0.0,21,2.88
SC_POA_OTHER_DACOITY,0.0,0.0,0.0,0.0,21,2.88
WOMEN_IN_PUBLIC_TRANSPORT_SYSTEM,0.0,0.0,0.0,0.0,21,2.88
ST_IPC_GRIEVOUS_HURT,0.0,0.0,0.0,0.0,20,2.75
ST_IPC_HURT,0.0,0.0,0.0,0.0,20,2.75
ST_POA_ASSAULT_ON_WOMEN_WITH_INTENT_TO_DISROBE,0.0,0.0,0.0,0.0,20,2.75
ST_IPC_KIDNAPPING_ABDUCTION,0.0,0.0,0.0,0.0,20,2.75
ST_POA_ARSON,0.0,0.0,0.0,0.0,20,2.75
SC_IPC_SEXUAL_HARASSMENT,0.0,0.0,0.0,0.0,19,2.61
SC_PROTECTION_OF_CIVIL_RIGHTS_ACT_1955,0.0,0.0,0.0,0.0,19,2.61
ST_IPC_OTHER_SEXUAL_HARASSMENT,0.0,0.0,0.0,0.0,18,2.47
ST_IPC_RAPE,0.0,0.0,0.0,0.0,18,2.47
ST_OTHER_SLL_CRIME_AGAINST_STS,0.0,0.0,0.0,0.0,17,2.34
WOMEN_ITP_UNDER_SECTION_7,0.0,0.0,0.0,0.0,17,2.34
SC_IPC_ATTEMPT_TO_COMMIT_MURDER,0.0,0.0,0.0,0.0,16,2.2
WOMEN_ITP_UNDER_SECTION_8,0.0,0.0,0.0,0.0,16,2.2
ST_POA_STALKING,0.0,0.0,0.0,0.0,15,2.06
SC_IPC_OTHER_KIDNAPPING,0.0,0.0,0.0,0.0,15,2.06
SC_IPC_KIDNAPPING_ABDUCTION_OF_WOMEN_TO_COMPEL_HER_FOR_MARRIAGE,0.0,0.0,0.0,0.0,14,1.92
ST_POA_ATTEMPT_TO_COMMIT_RAPE,0.0,0.0,0.0,0.0,14,1.92
WOMEN_CAUSING_MISCARRIAGE_WITHOUT_CONSENT_OF_WOMEN,0.0,0.0,0.0,0.0,13,1.79
IPC_SEDITION,0.0,0.0,0.0,0.0,12,1.65
SC_IPC_KIDNAPING_ABDUCTION,0.0,0.0,0.0,0.0,12,1.65
ST_IPC_ATTEMPT_TO_COMMIT_MURDER,0.0,0.0,0.0,0.0,12,1.65
SC_IPC_ASSAULT_ON_WOMEN_WITH_INTENT_TO_DISROBE,0.0,0.0,0.0,0.0,12,1.65
IPC_COUNTERFEIT_OFFENCES_RELATED_TO_COUNTERFEIT_COIN,0.0,0.0,0.0,0.0,11,1.51
SC_IPC_ARSON,0.0,0.0,0.0,0.0,11,1.51
SC_IPC_ROBBERY,0.0,0.0,0.0,0.0,11,1.51
SC_IPC_INSULT_TO_THE_MODESTY_OF_WOMEN,0.0,0.0,0.0,0.0,11,1.51
ST_IPC_MURDER,0.0,0.0,0.0,0.0,11,1.51
ST_IPC_KIDNAPPING_ABDUCTION_OF_WOMEN_TO_COMPEL_HER_FOR_MARRIAGE,0.0,0.0,0.0,0.0,11,1.51
ST_POA_INSULT_TO_THE_MODESTY_OF_WOMEN,0.0,0.0,0.0,0.0,11,1.51
ST_IPC_KIDNAPING_ABDUCTION,0.0,0.0,0.0,0.0,10,1.37
ST_POA_ROBBERY,0.0,0.0,0.0,0.0,10,1.37
ST_IPC_ARSON,0.0,0.0,0.0,0.0,9,1.24
SC_POA_VOYEURISM,0.0,0.0,0.0,0.0,9,1.24
ST_IPC_SEXUAL_HARASSMENT,0.0,0.0,0.0,0.0,9,1.24
WOMEN_DACOITY_WITH_MURDER,0.0,0.0,0.0,0.0,8,1.1
IPC_MAKING_OR_POSSESSING_MATERIALS_FOR_FORGED_CURRENCY_BANK_NOTES,0.0,0.0,0.0,0.0,8,1.1
IPC_IMPUTATION_ASSERTIONS_PREJUDICIAL_TO_NATIONAL_INTEGRATION,0.0,0.0,0.0,0.0,8,1.1
WOMEN_IMPORTATION_OF_GIRLS_FROM_FOREIGN_COUNTRY,0.0,0.0,0.0,0.0,7,0.96
SC_IPC_ATTEMPT_TO_COMMIT_RAPE,0.0,0.0,0.0,0.0,7,0.96
ST_IPC_RIOTS,0.0,0.0,0.0,0.0,7,0.96
SC_IPC_STALKING,0.0,0.0,0.0,0.0,7,0.96
IPC_IMPORTATION_OF_GIRLS_FROM_FOREIGN_COUNTRY,0.0,0.0,0.0,0.0,7,0.96
ST_IPC_ATTEMPT_TO_COMMIT_RAPE,0.0,0.0,0.0,0.0,7,0.96
IPC_MAKING_OR_USING_DOCUMENTS_RESEMBLING_CURRENCY,0.0,0.0,0.0,0.0,7,0.96
ST_IPC_OTHER_KIDNAPPING,0.0,0.0,0.0,0.0,6,0.82
IPC_DISCLOSURE_OF_IDENTITY_OF_VICTIMS,0.0,0.0,0.0,0.0,5,0.69
IPC_CUSTODIAL_GANG_RAPE,0.0,0.0,0.0,0.0,5,0.69
ST_IPC_ASSAULT_ON_WOMEN_WITH_INTENT_TO_DISROBE,0.0,0.0,0.0,0.0,5,0.69
WOMEN_CUSTODIAL_GANG_RAPE,0.0,0.0,0.0,0.0,5,0.69
ST_IPC_INSULT_TO_THE_MODESTY_OF_WOMEN,0.0,0.0,0.0,0.0,4,0.55
ST_IPC_STALKING,0.0,0.0,0.0,0.0,4,0.55
IPC_RIOTS_SECTARIAN,0.0,0.0,0.0,0.0,4,0.55
ST_IPC_ROBBERY,0.0,0.0,0.0,0.0,4,0.55
SC_POA_KIDNAPING_ABDUCTION_IN_ORDER_TO_MURDER,0.0,0.0,0.0,0.0,4,0.55
SC_IPC_OTHER_DACOITY,0.0,0.0,0.0,0.0,4,0.55
SC_IPC_DACOITY,0.0,0.0,0.0,0.0,4,0.55
WOMEN_DEATHS_CAUSED_WITH_INTENT_TO_CAUSE_MISCARRIAGE,0.0,0.0,0.0,0.0,3,0.41
ST_POA_VOYEURISM,0.0,0.0,0.0,0.0,3,0.41
SC_POA_ACID_ATTACK,0.0,0.0,0.0,0.0,2,0.27
ST_POA_DACOITY,0.0,0.0,0.0,0.0,2,0.27
ST_POA_OTHER_DACOITY,0.0,0.0,0.0,0.0,2,0.27
IPC_COUNTERFEITING_GOVERNMENT_STAMP,0.0,0.0,0.0,0.0,2,0.27
SC_IPC_VOYEURISM,0.0,0.0,0.0,0.0,1,0.14
ST_IPC_KIDNAPPING_FOR_RANSOM,0.0,0.0,0.0,0.0,1,0.14
ST_PROTECTION_OF_CIVIL_RIGHTS_ACT_1955,0.0,0.0,0.0,0.0,1,0.14
SC_IPC_KIDNAPPING_FOR_RANSOM,0.0,0.0,0.0,0.0,1,0.14
ST_POA_ACID_ATTACK,0.0,0.0,0.0,0.0,1,0.14
SC_POA_ATTEMPT_TO_ACID_ATTACK,0.0,0.0,0.0,0.0,1,0.14
SC_POA_KIDNAPPING_FOR_RANSOM,0.0,0.0,0.0,0.0,1,0.14
SC_IPC_KIDNAPING_ABDUCTION_IN_ORDER_TO_MURDER,0.0,0.0,0.0,0.0,0,0.0
SC_MANUAL_SCAVENGERS_AND_CONSTRUCTION_OF_DRY_LATRINES_P_ACT_1993,0.0,0.0,0.0,0.0,0,0.0
ST_IPC_VOYEURISM,0.0,0.0,0.0,0.0,0,0.0
SC_IPC_ATTEMPT_TO_ACID_ATTACK,0.0,0.0,0.0,0.0,0,0.0
SC_IPC_DACOITY_WITH_MURDER,0.0,0.0,0.0,0.0,0,0.0
ST_POA_KIDNAPING_ABDUCTION_IN_ORDER_TO_MURDER,0.0,0.0,0.0,0.0,0,0.0
ST_POA_DACOITY_WITH_MURDER,0.0,0.0,0.0,0.0,0,0.0
ST_POA_KIDNAPPING_FOR_RANSOM,0.0,0.0,0.0,0.0,0,0.0
ST_IPC_KIDNAPING_ABDUCTION_IN_ORDER_TO_MURDER,0.0,0.0,0.0,0.0,0,0.0
ST_IPC_ACID_ATTACK,0.0,0.0,0.0,0.0,0,0.0
WOMEN_COMMISSION_OF_SATI_PREVENTION_ACT_1987,0.0,0.0,0.0,0.0,0,0.0
ST_IPC_DACOITY,0.0,0.0,0.0,0.0,0,0.0
ST_IPC_DACOITY_WITH_MURDER,0.0,0.0,0.0,0.0,0,0.0
ST_MANUAL_SCAVENGERS_AND_CONSTRUCTION_OF_DRY_LATRINES_P_ACT_1993,0.0,0.0,0.0,0.0,0,0.0
ST_IPC_OTHER_DACOITY,0.0,0.0,0.0,0.0,0,0.0
ST_POA_ATTEMPT_TO_ACID_ATTACK,0.0,0.0,0.0,0.0,0,0.0
ST_IPC_ATTEMPT_TO_ACID_ATTACK,0.0,0.0,0.0,0.0,0,0.0
SC_IPC_ACID_ATTACK,0.0,0.0,0.0,0.0,0,0.0
SC_POA_DACOITY_WITH_MURDER,0.0,0.0,0.0,0.0,0,0.0
