,IPC_TOTAL_IPC_CRIMES,IPC_TOTAL_COGNIZABLE_IPC_CRIMES,IPC_OTHER_IPC_CRIMES,IPC_THEFT,IPC_HURT_GREVIOUS_HURT,IPC_INCIDENCE_OF_RASH_DRIVING,IPC_OTHER_THEFT,IPC_AUTO_THEFT,WOMEN_TOTAL_CRIMES_AGAINST_WOMEN,IPC_OTHER_THEFTS,WOMEN_CRUELTY_BY_HUSBAND_OR_HIS_RELATIVES,IPC_CRUELTY_BY_HUSBAND_OR_HIS_RELATIVES,IPC_CHEATING,IPC_BURGLARY,IPC_CAUSING_DEATH_BY_NEGLIGENCE,IPC_GRIEVOUS_HURT,IPC_HURT,IPC_RIOTS,IPC_CRIMINAL_TRESPASS_BURGLARY,WOMEN_OTHER_IPC_CRIMES,WOMEN_ASSAULT_ON_WOMEN_WITH_INTENT_TO_OUTRAGE_HER_MODESTY,IPC_ASSAULT_ON_WOMEN_WITH_INTENT_TO_OUTRAGE_HER_MODESTY,IPC_KIDNAPPING_ABDUCTION,IPC_CRIMINAL_TRESPASS_OR_BURGLARY,IPC_KIDNAPPING_AND_ABDUCTION_OF_WOMEN_AND_GIRLS,WOMEN_KIDNAPPING_AND_ABDUCTION,IPC_DEATHS_DUE_TO_NEGLIGENT_DRIVING_ACT,IPC_ROBBERY,IPC_RIOTS_OTHERS,IPC_KIDNAPPING_ABDUCTION_TOTAL
IPC_TOTAL_IPC_CRIMES,1.0,,0.9317666555211432,0.8495058392721775,0.8412936087537968,,0.8405252233395176,0.7760831285206009,,,0.8093098035856694,0.805571278872604,0.810668489781125,0.8578881693694175,0.8372433812346617,,,0.7011743704261347,,,0.8693318898486198,0.8634564595007519,0.7662888155306584,,0.7687564988881749,0.758139761732348,,0.7207175646501464,,
IPC_TOTAL_COGNIZABLE_IPC_CRIMES,,1.0,0.8434277927411696,0.7451796304278793,,0.5846120203575065,,0.6987533648723909,0.8369753628978072,0.6852596681221519,0.6100915351397842,0.610318069958938,0.7142010971371916,,0.6448136776091162,0.38391760310193584,0.38311737052561656,0.4361334486709615,0.7618114615334868,0.5119470512666859,,0.7492948982181044,0.5549321567171908,0.7108350940108561,,,0.6114599034950731,0.6125550397078486,0.435405973327159,0.706471819446911
IPC_OTHER_IPC_CRIMES,0.9317666555211432,0.8434277927411696,1.0,0.6670871450045047,0.7111066041522562,0.41498494502157546,0.6561784987526017,0.6258742506549936,0.6874212451588414,0.3862115946513701,0.6836332645068831,0.6846542436121305,0.6553682948995906,0.7091610914494807,0.7266331517462723,0.2522584497199309,0.25178261940368235,0.651744124848184,0.5201699761172954,0.4253173487272174,0.7404630402541393,0.7351416800255728,0.6422665340117832,0.47997583162966795,0.6601980942725232,0.6513780787171544,0.5925473359083121,0.5605237520088399,0.4421645087399612,0.5130980088254875
IPC_THEFT,0.8495058392721775,0.7451796304278793,0.6670871450045047,1.0,0.6282645964146414,0.1944931468426048,0.9581652428990677,0.9458966821615249,0.6405556064342098,0.9493825803582561,0.682150217538327,0.6443315839290722,0.7635562721156811,0.8424949631140489,0.6617124657866572,0.19713885680905105,0.19611848903571347,0.4875697155704573,0.813932444650263,0.49826677701688993,0.7761285634738609,0.7156979451124326,0.7775271207359101,0.7456888575414135,0.7373150341683151,0.7146980516504629,0.30676381842564865,0.7511621174650991,0.15934199478426123,0.7477196568972143
IPC_HURT_GREVIOUS_HURT,0.8412936087537968,,0.7111066041522562,0.6282645964146414,1.0,,0.687638789612025,0.5007279619769978,,,0.7095882374517435,0.7085049085765371,0.6804686946604231,0.7614033231110672,0.7505144728079064,,,0.6306777603280858,,,0.7822016126062462,0.781768504987429,0.5112937019812187,,0.5215761705460397,0.5362244826594089,,0.5467078579294201,,
IPC_INCIDENCE_OF_RASH_DRIVING,,0.5846120203575065,0.41498494502157546,0.1944931468426048,,1.0,,0.18970466835909788,0.2567008808987092,0.17368166024385184,0.15455244241057714,0.154831009495817,0.3173742494811653,,0.3887372714994968,0.01705989187312619,0.01686100773435735,0.18730284054569526,0.2936999693520988,0.20742856710550334,,0.3158315818499837,0.10706446146215236,0.26401046805989176,,,0.38581842233900965,0.16560542883801435,0.18675006698895286,0.07871841866548958
IPC_OTHER_THEFT,0.8405252233395176,,0.6561784987526017,0.9581652428990677,0.687638789612025,,1.0,0.817703976904769,,,0.6959032841629887,0.6736701491824171,0.7422790811187746,0.8473340994502762,0.6756119595949192,,,0.546174309820232,,,0.7513750628280547,0.7247316395029437,0.6906893659571756,,0.6570668662294117,0.6278850230844144,,0.7554232442989779,,
IPC_AUTO_THEFT,0.7760831285206009,0.6987533648723909,0.6258742506549936,0.9458966821615249,0.5007279619769978,0.18970466835909788,0.817703976904769,1.0,0.5991100881900948,0.7103417918784617,0.6137548823000888,0.5659802505730963,0.7229281310319436,0.7544292718885636,0.5977002906481573,0.18937133702920717,0.1883516321371113,0.39163787123246024,0.7706485766902292,0.5001128483976917,0.7209990185842122,0.642571091992274,0.7977775682713212,0.7178338969227158,0.7539664473411674,0.7428311223834984,0.35273333252666017,0.6700389933932558,0.16858089288691466,0.7045786769708088
WOMEN_TOTAL_CRIMES_AGAINST_WOMEN,,0.8369753628978072,0.6874212451588414,0.6405556064342098,,0.2567008808987092,,0.5991100881900948,1.0,0.5901358061172659,0.7540972149891668,0.7540972149891668,0.5915245069709116,,0.5014330433890145,0.49392374648829845,0.49306999347641894,0.39236669726603,0.6857595008709381,0.6407086714112028,,0.8302946576974802,0.5433111749155992,0.6502078180625946,,,0.4584081705534363,0.6055096762163602,0.38661491862521635,0.7630589073854436
IPC_OTHER_THEFTS,,0.6852596681221519,0.3862115946513701,0.9493825803582561,,0.17368166024385184,,0.7103417918784617,0.5901358061172659,1.0,0.29333448687052377,0.29339780131494747,0.4992362515763221,,0.26907341743318897,0.1781007307726832,0.17720680776106063,0.12935427329649818,0.7432433392185238,0.4349940432669361,,0.5710420948683123,0.7983548135821537,0.6725990240385106,,,0.2361661857241732,0.7560315395470395,0.13300288558273862,0.6851652067661563
WOMEN_CRUELTY_BY_HUSBAND_OR_HIS_RELATIVES,0.8093098035856694,0.6100915351397842,0.6836332645068831,0.682150217538327,0.7095882374517435,0.15455244241057714,0.6959032841629887,0.6137548823000888,0.7540972149891668,0.29333448687052377,1.0,1.0,0.7646434636686634,0.5991983021765687,0.6865406466381991,0.42943015518648464,0.42870457876386425,0.5595503888923578,0.2591471310309221,0.11412790476674974,0.7626273309495063,0.7526610578176242,0.7087381443452049,0.2543056297309702,0.7261099897427901,0.718876405650019,0.358350323993306,0.4642432339780947,0.4426771824709036,0.5828199714904813
IPC_CRUELTY_BY_HUSBAND_OR_HIS_RELATIVES,0.805571278872604,0.610318069958938,0.6846542436121305,0.6443315839290722,0.7085049085765371,0.154831009495817,0.6736701491824171,0.5659802505730963,0.7540972149891668,0.29339780131494747,1.0,1.0,0.7641870962635228,0.6017520607513701,0.6861833358072065,0.4296004715653627,0.428874650126194,0.5552613933269446,0.25951009440436584,0.11412790476674974,0.7606060112988704,0.7547018593690971,0.6856150846816886,0.2546419509701571,0.7188764056500199,0.7261099897427901,0.35880423269082345,0.47063030819863105,0.4429145538063454,0.5830420176113519
IPC_CHEATING,0.810668489781125,0.7142010971371916,0.6553682948995906,0.7635562721156811,0.6804686946604231,0.3173742494811653,0.7422790811187746,0.7229281310319436,0.5915245069709116,0.4992362515763221,0.7646434636686634,0.7641870962635228,1.0,0.7040202428246434,0.7162303709890901,0.2456048587447594,0.2451138866362795,0.48649491153006486,0.5737398815958149,0.26077558667191025,0.7189078118143065,0.7151532422108358,0.6649173028950927,0.5536584218263797,0.6729086067484169,0.662970567667926,0.49151088214584643,0.5769174613385191,0.22016415968973663,0.44850815223405877
IPC_BURGLARY,0.8578881693694175,,0.7091610914494807,0.8424949631140489,0.7614033231110672,,0.8473340994502762,0.7544292718885636,,,0.5991983021765687,0.6017520607513701,0.7040202428246434,1.0,0.7576961122278323,,,0.5616852773655282,,,0.7987334737972449,0.7977835917839174,0.5834052112303146,,0.5742692229918389,0.5608897282631035,,0.8237223396440653,,
IPC_CAUSING_DEATH_BY_NEGLIGENCE,0.8372433812346617,0.6448136776091162,0.7266331517462723,0.6617124657866572,0.7505144728079064,0.3887372714994968,0.6756119595949192,0.5977002906481573,0.5014330433890145,0.26907341743318897,0.6865406466381991,0.6861833358072065,0.7162303709890901,0.7576961122278323,1.0,0.17002814564781424,0.16955916605266677,0.4795526981622021,0.4700173453071146,0.22585690226638308,0.7634056379799754,0.7568806144259445,0.6549204204704919,0.4232649559774738,0.6914104654586691,0.7112262107346923,0.9845938859889847,0.6331243201723726,0.2915479035187349,0.338702908772845
IPC_GRIEVOUS_HURT,,0.38391760310193584,0.2522584497199309,0.19713885680905105,,0.01705989187312619,,0.18937133702920717,0.49392374648829845,0.1781007307726832,0.42943015518648464,0.4296004715653627,0.2456048587447594,,0.17002814564781424,1.0,0.9999969658169516,0.31309318021152976,0.20085758890470512,0.15782625532052422,,0.27162838444612464,0.14252805869735394,0.23153709081443524,,,0.14854863937676802,0.19188309541425594,0.32865120475657844,0.45183677675501854
IPC_HURT,,0.38311737052561656,0.25178261940368235,0.19611848903571347,,0.01686100773435735,,0.1883516321371113,0.49306999347641894,0.17720680776106063,0.42870457876386425,0.428874650126194,0.2451138866362795,,0.16955916605266677,0.9999969658169516,1.0,0.3128463696910648,0.20015905895178127,0.15741471047100544,,0.270892452976339,0.14141659086356387,0.23088626403325413,,,0.14811048729587803,0.19112189115106298,0.3284129592274481,0.4507785358027169
IPC_RIOTS,0.7011743704261347,0.4361334486709615,0.651744124848184,0.4875697155704573,0.6306777603280858,0.18730284054569526,0.546174309820232,0.39163787123246024,0.39236669726603,0.12935427329649818,0.5595503888923578,0.5552613933269446,0.48649491153006486,0.5616852773655282,0.4795526981622021,0.31309318021152976,0.3128463696910648,1.0,0.18517257042100285,0.06726278999825193,0.5908942678331953,0.5771360562791128,0.506513559103933,0.2009613739387722,0.5322807174302973,0.5622730127115784,0.2782259365589495,0.5822679145014179,0.983583006616342,0.3449899952657585
IPC_CRIMINAL_TRESPASS_BURGLARY,,0.7618114615334868,0.5201699761172954,0.813932444650263,,0.2936999693520988,,0.7706485766902292,0.6857595008709381,0.7432433392185238,0.2591471310309221,0.25951009440436584,0.5737398815958149,,0.4700173453071146,0.20085758890470512,0.20015905895178127,0.18517257042100285,1.0,0.6472387759187083,,0.6968544928127164,0.6392889533338632,0.937893013977089,,,0.43890238367033624,0.8389807998096902,0.18906924579771947,0.6044885279229743
WOMEN_OTHER_IPC_CRIMES,,0.5119470512666859,0.4253173487272174,0.49826677701688993,,0.20742856710550334,,0.5001128483976917,0.6407086714112028,0.4349940432669361,0.11412790476674974,0.11412790476674974,0.26077558667191025,,0.22585690226638308,0.15782625532052422,0.15741471047100544,0.06726278999825193,0.6472387759187083,1.0,,0.5371981685385876,0.40713304708689846,0.6050765962428274,,,0.2048223305751851,0.5889856356887584,0.07020839977813993,0.3894921739798611
WOMEN_ASSAULT_ON_WOMEN_WITH_INTENT_TO_OUTRAGE_HER_MODESTY,0.8693318898486198,,0.7404630402541393,0.7761285634738609,0.7822016126062462,,0.7513750628280547,0.7209990185842122,,,0.7626273309495063,0.7606060112988704,0.7189078118143065,0.7987334737972449,0.7634056379799754,,,0.5908942678331953,,,1.0,1.0,0.7256243239864779,,0.7226445502091111,0.7127036765432111,,0.6857607989181919,,
IPC_ASSAULT_ON_WOMEN_WITH_INTENT_TO_OUTRAGE_HER_MODESTY,0.8634564595007519,0.7492948982181044,0.7351416800255728,0.7156979451124326,0.781768504987429,0.3158315818499837,0.7247316395029437,0.642571091992274,0.8302946576974802,0.5710420948683123,0.7526610578176242,0.7547018593690971,0.7151532422108358,0.7977835917839174,0.7568806144259445,0.27162838444612464,0.270892452976339,0.5771360562791128,0.6968544928127164,0.5371981685385876,1.0,1.0,0.6890035984830094,0.652020606481783,0.7127036765432118,0.7226445502091111,0.47468170527989695,0.6825657922449269,0.22898150019024416,0.5830304792678512
IPC_KIDNAPPING_ABDUCTION,0.7662888155306584,0.5549321567171908,0.6422665340117832,0.7775271207359101,0.5112937019812187,0.10706446146215236,0.6906893659571756,0.7977775682713212,0.5433111749155992,0.7983548135821537,0.7087381443452049,0.6856150846816886,0.6649173028950927,0.5834052112303146,0.6549204204704919,0.14252805869735394,0.14141659086356387,0.506513559103933,0.6392889533338632,0.40713304708689846,0.7256243239864779,0.6890035984830094,1.0,0.6033436408186931,0.9842929163450427,0.9889884389007512,0.1645192550003798,0.5466073502149068,0.08327935564866226,0.7353985864179196
IPC_CRIMINAL_TRESPASS_OR_BURGLARY,,0.7108350940108561,0.47997583162966795,0.7456888575414135,,0.26401046805989176,,0.7178338969227158,0.6502078180625946,0.6725990240385106,0.2543056297309702,0.2546419509701571,0.5536584218263797,,0.4232649559774738,0.23153709081443524,0.23088626403325413,0.2009613739387722,0.937893013977089,0.6050765962428274,,0.652020606481783,0.6033436408186931,1.0,,,0.39031564957614656,0.804364166321885,0.20468089568505932,0.5715234639217248
IPC_KIDNAPPING_AND_ABDUCTION_OF_WOMEN_AND_GIRLS,0.7687564988881749,,0.6601980942725232,0.7373150341683151,0.5215761705460397,,0.6570668662294117,0.7539664473411674,,,0.7261099897427901,0.7188764056500199,0.6729086067484169,0.5742692229918389,0.6914104654586691,,,0.5322807174302973,,,0.7226445502091111,0.7127036765432118,0.9842929163450427,,1.0,1.0,,0.5364004641500951,,
WOMEN_KIDNAPPING_AND_ABDUCTION,0.758139761732348,,0.6513780787171544,0.7146980516504629,0.5362244826594089,,0.6278850230844144,0.7428311223834984,,,0.718876405650019,0.7261099897427901,0.662970567667926,0.5608897282631035,0.7112262107346923,,,0.5622730127115784,,,0.7127036765432111,0.7226445502091111,0.9889884389007512,,1.0,1.0,,0.526396652222117,,
IPC_DEATHS_DUE_TO_NEGLIGENT_DRIVING_ACT,,0.6114599034950731,0.5925473359083121,0.30676381842564865,,0.38581842233900965,,0.35273333252666017,0.4584081705534363,0.2361661857241732,0.358350323993306,0.35880423269082345,0.49151088214584643,,0.9845938859889847,0.14854863937676802,0.14811048729587803,0.2782259365589495,0.43890238367033624,0.2048223305751851,,0.47468170527989695,0.1645192550003798,0.39031564957614656,,,1.0,0.22700874446181885,0.2752508184691271,0.29860324301442925
IPC_ROBBERY,0.7207175646501464,0.6125550397078486,0.5605237520088399,0.7511621174650991,0.5467078579294201,0.16560542883801435,0.7554232442989779,0.6700389933932558,0.6055096762163602,0.7560315395470395,0.4642432339780947,0.47063030819863105,0.5769174613385191,0.8237223396440653,0.6331243201723726,0.19188309541425594,0.19112189115106298,0.5822679145014179,0.8389807998096902,0.5889856356887584,0.6857607989181919,0.6825657922449269,0.5466073502149068,0.804364166321885,0.5364004641500951,0.526396652222117,0.22700874446181885,1.0,0.17058382386816284,0.5770483413167398
IPC_RIOTS_OTHERS,,0.435405973327159,0.4421645087399612,0.15934199478426123,,0.18675006698895286,,0.16858089288691466,0.38661491862521635,0.13300288558273862,0.4426771824709036,0.4429145538063454,0.22016415968973663,,0.2915479035187349,0.32865120475657844,0.3284129592274481,0.983583006616342,0.18906924579771947,0.07020839977813993,,0.22898150019024416,0.08327935564866226,0.20468089568505932,,,0.2752508184691271,0.17058382386816284,1.0,0.35222120041644733
IPC_KIDNAPPING_ABDUCTION_TOTAL,,0.706471819446911,0.5130980088254875,0.7477196568972143,,0.07871841866548958,,0.7045786769708088,0.7630589073854436,0.6851652067661563,0.5828199714904813,0.5830420176113519,0.44850815223405877,,0.338702908772845,0.45183677675501854,0.4507785358027169,0.3449899952657585,0.6044885279229743,0.3894921739798611,,0.5830304792678512,0.7353985864179196,0.5715234639217248,,,0.29860324301442925,0.5770483413167398,0.35222120041644733,1.0
