File,Rows,Columns,State_Column,Year_Column,District_Column
01_District_wise_crimes_committed_IPC_2001_2012.csv,9017,33,STATE/UT,YEAR,DISTRICT
01_District_wise_crimes_committed_IPC_2013.csv,823,33,STATE/UT,YEAR,DISTRICT
01_District_wise_crimes_committed_IPC_2014.csv,838,91,,Year,District
02_01_District_wise_crimes_committed_against_SC_2001_2012.csv,9018,13,STATE/UT,Year,DISTRICT
02_01_District_wise_crimes_committed_against_SC_2013.csv,823,13,STATE/UT,Year,DISTRICT
02_01_District_wise_crimes_committed_against_SC_2014.csv,837,66,,Year,District
02_District_wise_crimes_committed_against_ST_2001_2012.csv,9018,13,STATE/UT,Year,DISTRICT
02_District_wise_crimes_committed_against_ST_2013.csv,823,13,STATE/UT,Year,DISTRICT
02_District_wise_crimes_committed_against_ST_2014.csv,837,66,,Year,District
03_District_wise_crimes_committed_against_children_2001_2012.csv,9015,15,STATE/UT,Year,DISTRICT
03_District_wise_crimes_committed_against_children_2013.csv,823,16,STATE/UT,Year,DISTRICT
03_Persons_arrested_and_their_disposal_by_police_and_court_under_crime_against_children_2012.csv,494,14,STATE/UT,,
03_Persons_arrested_and_their_disposal_by_police_and_court_under_crime_against_children_2013.csv,494,14,STATE/UT,,
03_Persons_arrested_and_their_disposal_by_police_and_court_under_crime_against_children_2014.csv,2028,57,,Year,
04_01_Person_arrested_and_their_disposal_by_police_and_court_SLL_crime_2012.csv,1026,14,STATE/UT,,
04_01_Person_arrested_and_their_disposal_by_police_and_court_SLL_crime_2013.csv,418,14,STATE/UT,,
04_01_Person_arrested_and_their_disposal_by_police_and_court_SLL_crime_2014.csv,2730,57,,Year,
04_02_Person_arrested_and_their_disposal_by_police_and_court_IPC_crime_2012.csv,1140,14,STATE/UT,,
04_02_Person_arrested_and_their_disposal_by_police_and_court_IPC_crime_2013.csv,1140,14,STATE/UT,,
04_02_Person_arrested_and_their_disposal_by_police_and_court_IPC_crime_2014.csv,3432,57,,Year,
07_01_Persons_arrested_by_sex_and_age_group_IPC_2012.csv,1140,15,STATE/UT,,
07_01_Persons_arrested_by_sex_and_age_group_IPC_2013.csv,1140,15,STATE/UT,,
07_01_Persons_arrested_by_sex_and_age_group_IPC_2014.csv,3432,18,,Year,
07_02_Persons_arrested_by_sex_and_age_group_SLL_2012.csv,1026,15,STATE/UT,,
07_02_Persons_arrested_by_sex_and_age_group_SLL_2013.csv,1026,15,STATE/UT,,
07_02_Persons_arrested_by_sex_and_age_group_SLL_2014.csv,2730,18,,Year,
08_01_Juvenile_apprehended_state_IPC.csv,10500,12,STATE/UT,Year,
08_02_Juvenile_apprehended_state_SLL.csv,9450,12,STATE/UT,Year,
09_Juveniles_arrested_and_their_disposal.csv,349,10,Area_Name,Year,
10_Property_stolen_and_recovered.csv,2449,8,Area_Name,Year,
11_Property_stolen_and_recovered_nature_of_property.csv,4550,8,Area_Name,Year,
12_Police_strength_actual_and_sanctioned.csv,4188,16,Area_Name,Year,
13_Police_killed_or_injured_on_duty.csv,2450,18,Area_Name,Year,
14_Age_profile_of_police_personnel_killed_on_duty.csv,350,8,Area_Name,Year,
15_Police_natural_death_and_suicide.csv,700,9,Area_Name,Year,
16_Casualties_under_police_firing_and_lathi_charge.csv,1749,8,Area_Name,Year,
17_Case_reported_and_value_of_property_taken_away_by_place_of_occurrence_2001_2012.csv,4344,11,STATE/UT,YEAR,
17_Case_reported_and_value_of_property_taken_away_by_place_of_occurrence_2013.csv,385,11,STATE/UT,YEAR,
17_Crime_by_place_of_occurrence_2001_2012.csv,456,34,STATE/UT,YEAR,
17_Crime_by_place_of_occurrence_2013.csv,38,34,STATE/UT,YEAR,
17_Crime_by_place_of_occurrence_2014.csv,39,82,,Year,
18_01_Juveniles_arrested_Education.csv,350,8,Area_Name,Year,
18_02_Juveniles_arrested_Economic_setup.csv,350,10,Area_Name,Year,
18_03_Juveniles_arrested_Family_background.csv,350,7,Area_Name,Year,
18_04_Juveniles_arrested_Recidivism.csv,350,6,Area_Name,Year,
19_Motive_or_cause_of_murder_and_culpable_homicide_not_amounting_to_murder.csv,350,30,Area_Name,Year,
20_Victims_of_rape.csv,1050,11,Area_Name,Year,
21_Offenders_known_to_the_victim.csv,350,7,Area_Name,Year,
22_Persons_arrested_under_recidivism.csv,350,7,Area_Name,Year,
23_Anti_corruprion_cases.csv,346,29,Area_Name,Year,
24_Anti_corruption_arrests.csv,347,24,Area_Name,Year,
25_Complaints_against_police.csv,350,22,Area_Name,Year,
27_Nature_of_complaints_received_by_police.csv,349,10,Area_Name,Year,
28_Trial_of_violent_crimes_by_courts.csv,4473,7,Area_Name,Year,
29_Period_of_trials_by_courts.csv,1786,11,Area_Name,Year,
30_Auto_theft.csv,1865,7,Area_Name,Year,
31_Serious_fraud.csv,448,9,Area_Name,Year,
32_Murder_victim_age_sex.csv,1018,11,Area_Name,Year,
33_CH_not_murder_victim_age_sex.csv,936,10,Area_Name,Year,
34_Use_of_fire_arms_in_murder_cases.csv,284,5,Area_Name,Year,
35_Human_rights_violation_by_police.csv,2267,7,Area_Name,Year,
36_Police_housing.csv,1045,7,,Year,
37_Home_guards_and_auxilliary_force.csv,333,8,Area_Name,Year,
38_Unidentified_dead_bodies_recovered_and_inquest_conducted.csv,314,3,Area_Name,Year,
39_Specific_purpose_of_kidnapping_and_abduction.csv,3569,20,Area_Name,Year,
40_01_Custodial_death_person_remanded.csv,211,11,Area_Name,Year,
40_02_Custodial_death_person_not_remanded.csv,228,11,Area_Name,Year,
40_03_Custodial_death_during_production.csv,204,11,Area_Name,Year,
40_04_Custodial_death_during_hospitalization_or_treatment.csv,213,5,Area_Name,Year,
40_05_Custodial_death_others.csv,233,10,Area_Name,Year,
41_Escapes_from_police_custody.csv,311,21,Area_Name,Year,
42_Cases_under_crime_against_women.csv,4166,22,,Year,
42_District_wise_crimes_committed_against_women_2001_2012.csv,9017,10,STATE/UT,Year,DISTRICT
42_District_wise_crimes_committed_against_women_2013.csv,823,10,STATE/UT,Year,DISTRICT
42_District_wise_crimes_committed_against_women_2014.csv,837,62,,Year,District
43_Arrests_under_crime_against_women.csv,4166,16,,Year,
