column_name,data_type,missing_count,missing_pct,unique_values
STATE,string,0,0.0,72
UNIT_NAME,string,0,0.0,1490
YEAR,int64,0,0.0,14
IPC_MURDER,float64,225,2.28,294
IPC_ATTEMPT_TO_MURDER,float64,954,9.68,329
IPC_RAPE,float64,225,2.28,265
IPC_OTHER_RAPE,float64,954,9.68,246
IPC_KIDNAPPING_AND_ABDUCTION_OF_WOMEN_AND_GIRLS,float64,954,9.68,331
IPC_KIDNAPPING_AND_ABDUCTION_OF_OTHERS,float64,954,9.68,202
IPC_DACOITY,float64,225,2.28,107
IPC_PREPARATION_AND_ASSEMBLY_FOR_DACOITY,float64,954,9.68,128
IPC_ROBBERY,float64,225,2.28,323
IPC_BURGLARY,float64,954,9.68,717
IPC_THEFT,float64,225,2.28,1617
IPC_OTHER_THEFT,float64,954,9.68,1144
IPC_RIOTS,float64,225,2.28,615
IPC_CHEATING,float64,225,2.28,686
IPC_COUNTERFIETING,float64,954,9.68,93
IPC_ARSON,float64,225,2.28,130
IPC_HURT_GREVIOUS_HURT,float64,954,9.68,1658
IPC_INSULT_TO_MODESTY_OF_WOMEN,float64,954,9.68,264
IPC_IMPORTATION_OF_GIRLS_FROM_FOREIGN_COUNTRIES,float64,954,9.68,24
IPC_TOTAL_IPC_CRIMES,float64,954,9.68,4802
IPC_ATTEMPT_TO_COMMIT_MURDER,float64,9127,92.6,165
IPC_ATTEMPT_TO_COMMIT_CULPABLE_HOMICIDE,float64,9127,92.6,52
IPC_CUSTODIAL_GANG_RAPE,float64,9127,92.6,3
IPC_CUSTODIAL_OTHER_RAPE,float64,9127,92.6,14
IPC_RAPE_OTHER_THAN_CUSTODIAL,float64,9127,92.6,158
IPC_RAPE_GANG_RAPE,float64,9127,92.6,33
IPC_RAPE_OTHERS,float64,9127,92.6,156
IPC_ATTEMPT_TO_COMMIT_RAPE,float64,9127,92.6,54
IPC_KIDNAPPING_ABDUCTION_TOTAL,float64,9127,92.6,256
IPC_KIDNAPPING_ABDUCTION_IN_ORDER_TO_MURDER,float64,9127,92.6,30
IPC_KIDNAPPING_FOR_RANSOM,float64,9127,92.6,15
IPC_KIDNAPPING_ABDUCTION_OF_WOMEN_TO_COMPEL_HER_FOR_MARRIAGE,float64,9127,92.6,170
IPC_OTHER_KIDNAPPING,float64,9127,92.6,120
IPC_DACOITY_WITH_MURDER,float64,9127,92.6,5
IPC_OTHER_DACOITY,float64,9127,92.6,40
IPC_MAKING_PREPARATION_AND_ASSEMBLY_FOR_COMMITTING_DACOITY,float64,9127,92.6,42
IPC_CRIMINAL_TRESPASS_BURGLARY,float64,9127,92.6,296
IPC_CRIMINAL_TRESPASS_OR_BURGLARY,float64,9127,92.6,253
IPC_HOUSE_TRESPASS_HOUSE_BREAKING,float64,9127,92.6,145
IPC_OTHER_THEFTS,float64,9127,92.6,393
IPC_UNLAWFUL_ASSEMBLY,float64,9127,92.6,75
IPC_RIOTS_COMMUNAL,float64,9127,92.6,20
IPC_RIOTS_INDUSTRIAL,float64,9127,92.6,10
IPC_RIOTS_POLITICAL,float64,9127,92.6,32
IPC_RIOTS_CASTE_CONFLICT,float64,9127,92.6,31
IPC_RIOTS_SC_STS_VS_NON_SCS_STS,float64,9127,92.6,17
IPC_RIOTS_OTHER_CASTE_CONFLICT,float64,9127,92.6,26
IPC_RIOTS_AGRARIAN,float64,9127,92.6,19
IPC_RIOTS_STUDENTS,float64,9127,92.6,14
IPC_RIOTS_SECTARIAN,float64,9127,92.6,5
IPC_RIOTS_OTHERS,float64,9127,92.6,222
IPC_FORGERY,float64,9127,92.6,84
IPC_COUNTERFEITING,float64,9127,92.6,27
IPC_COUNTERFEIT_OFFENCES_RELATED_TO_COUNTERFEIT_COIN,float64,9127,92.6,6
IPC_COUNTERFEITING_GOVERNMENT_STAMP,float64,9127,92.6,2
IPC_COUNTERFEIT_CURRENCY_BANK_NOTES,float64,9127,92.6,26
IPC_COUNTERFEITING_CURRENCY_NOTES_BANK_NOTES,float64,9127,92.6,16
IPC_USING_FORGED_OR_COUNTERFEITING_CURRENCY_BANK_NOTES,float64,9127,92.6,17
IPC_POSSESSION_OF_FORGED_OR_COUNTERFEITING_CURRENCY_BANK_NOTES,float64,9127,92.6,11
IPC_MAKING_OR_POSSESSING_MATERIALS_FOR_FORGED_CURRENCY_BANK_NOTES,float64,9127,92.6,4
IPC_MAKING_OR_USING_DOCUMENTS_RESEMBLING_CURRENCY,float64,9127,92.6,5
IPC_GRIEVOUS_HURT,float64,9127,92.6,257
IPC_HURT,float64,9127,92.6,261
IPC_ACID_ATTACK,float64,9127,92.6,8
IPC_ATTEMPT_TO_ACID_ATTACK,float64,9127,92.6,4
IPC_SEXUAL_HARASSMENT,float64,9127,92.6,131
IPC_ASSAULT_OR_USE_OF_CRIMINAL_FORCE_TO_WOMEN_WITH_INTENT_TO_DISROBE,float64,9127,92.6,71
IPC_VOYEURISM,float64,9127,92.6,20
IPC_STALKING,float64,9127,92.6,61
IPC_OTHER_ASSAULT_ON_WOMEN,float64,9127,92.6,205
IPC_INSULT_TO_THE_MODESTY_OF_WOMEN,float64,9127,92.6,71
IPC_AT_OFFICE_PREMISES,float64,9127,92.6,6
IPC_OTHER_PLACES_RELATED_TO_WORK,float64,9127,92.6,15
IPC_IN_PUBLIC_TRANSPORT_SYSTEM,float64,9127,92.6,7
IPC_PLACES_OTHER_THAN_231_232_233,float64,9127,92.6,72
IPC_IMPORTATION_OF_GIRLS_FROM_FOREIGN_COUNTRY,float64,9127,92.6,5
IPC_DEATHS_DUE_TO_NEGLIGENT_DRIVING_ACT,float64,9127,92.6,324
IPC_DEATHS_DUE_TO_OTHER_CAUSES,float64,9127,92.6,59
IPC_OFFENCES_AGAINST_STATE,float64,9127,92.6,13
IPC_SEDITION,float64,9127,92.6,6
IPC_OTHER_OFFENCES_AGAINST_STATE,float64,9127,92.6,12
IPC_OFFENCES_PROMOTING_ENMITY_BETWEEN_DIFFERENT_GROUPS,float64,9127,92.6,14
IPC_PROMOTING_ENMITY_BETWEEN_DIFFERENT_GROUPS,float64,9127,92.6,14
IPC_IMPUTATION_ASSERTIONS_PREJUDICIAL_TO_NATIONAL_INTEGRATION,float64,9127,92.6,3
IPC_EXTORTION,float64,9127,92.6,72
IPC_DISCLOSURE_OF_IDENTITY_OF_VICTIMS,float64,9127,92.6,3
IPC_INCIDENCE_OF_RASH_DRIVING,float64,9127,92.6,437
IPC_HUMANTRAFFICKING,float64,9127,92.6,24
IPC_UNNATURAL_OFFENCE,float64,9127,92.6,23
IPC_TOTAL_COGNIZABLE_IPC_CRIMES,float64,9127,92.6,686
SC_MURDER,float64,1003,10.18,21
SC_RAPE,float64,1003,10.18,32
SC_KIDNAPPING_AND_ABDUCTION,float64,1003,10.18,22
SC_DACOITY,float64,1003,10.18,8
SC_ROBBERY,float64,1003,10.18,13
SC_ARSON,float64,1003,10.18,16
SC_HURT,float64,1003,10.18,122
SC_PREVENTION_OF_ATROCITIES_POA_ACT,float64,1003,10.18,207
SC_PROTECTION_OF_CIVIL_RIGHTS_PCR_ACT,float64,1003,10.18,49
SC_OTHER_CRIMES_AGAINST_SCS,float64,1003,10.18,270
SC_PROTECTION_OF_CIVIL_RIGHTS_ACT_1955,float64,9128,92.61,9
SC_POA_MURDER,float64,9128,92.61,14
SC_POA_ATTEMPT_TO_COMMIT_MURDER,float64,9128,92.61,12
SC_POA_RAPE,float64,9128,92.61,27
SC_POA_ATTEMPT_TO_COMMIT_RAPE,float64,9128,92.61,8
SC_POA_ASSAULT_ON_WOMEN_WITH_INTENT_TO_OUTRAGE_HER_MODESTY,float64,9128,92.61,35
SC_POA_SEXUAL_HARASSMENT,float64,9128,92.61,20
SC_POA_ASSAULT_ON_WOMEN_WITH_INTENT_TO_DISROBE,float64,9128,92.61,8
SC_POA_VOYEURISM,float64,9128,92.61,4
SC_POA_STALKING,float64,9128,92.61,7
SC_POA_OTHER_SEXUAL_HARASSMENT,float64,9128,92.61,31
SC_POA_INSULT_TO_THE_MODESTY_OF_WOMEN,float64,9128,92.61,7
SC_POA_KIDNAPPING_ABDUCTION_GRANDTOTAL,float64,9128,92.61,17
SC_POA_KIDNAPING_ABDUCTION_TOTAL,float64,9128,92.61,9
SC_POA_KIDNAPING_ABDUCTION_IN_ORDER_TO_MURDER,float64,9128,92.61,3
SC_POA_KIDNAPPING_FOR_RANSOM,float64,9128,92.61,2
SC_POA_KIDNAPPING_ABDUCTION_OF_WOMEN_TO_COMPEL_HER_FOR_MARRIAGE,float64,9128,92.61,15
SC_POA_OTHER_KIDNAPPING,float64,9128,92.61,9
SC_POA_DACOITY,float64,9128,92.61,3
SC_POA_DACOITY_WITH_MURDER,float64,9128,92.61,1
SC_POA_OTHER_DACOITY,float64,9128,92.61,3
SC_POA_ROBBERY,float64,9128,92.61,5
SC_POA_ARSON,float64,9128,92.61,9
SC_POA_GRIEVOUS_HURT,float64,9128,92.61,36
SC_POA_HURT,float64,9128,92.61,36
SC_POA_ACID_ATTACK,float64,9128,92.61,2
SC_POA_ATTEMPT_TO_ACID_ATTACK,float64,9128,92.61,2
SC_POA_RIOTS,float64,9128,92.61,23
SC_POA_OTHER_IPC_CRIMES,float64,9128,92.61,133
SC_POA_SC_ST_PREVENTION_OF_ATROCITIES_ACT_ONLY,float64,9128,92.61,84
SC_TOTAL_OF_SC_ST_PREVENTION_OF_ATROCITIES_ACT_1989,float64,9128,92.61,185
SC_IPC_MURDER,float64,9128,92.61,9
SC_IPC_ATTEMPT_TO_COMMIT_MURDER,float64,9128,92.61,7
SC_IPC_RAPE,float64,9128,92.61,11
SC_IPC_ATTEMPT_TO_COMMIT_RAPE,float64,9128,92.61,5
SC_IPC_ASSAULT_ON_WOMEN_WITH_INTENT_TO_OUTRAGE_HER_MODESTY,float64,9128,92.61,19
SC_IPC_SEXUAL_HARASSMENT,float64,9128,92.61,7
SC_IPC_ASSAULT_ON_WOMEN_WITH_INTENT_TO_DISROBE,float64,9128,92.61,7
SC_IPC_VOYEURISM,float64,9128,92.61,2
SC_IPC_STALKING,float64,9128,92.61,5
SC_IPC_OTHER_SEXUAL_HARASSMENT,float64,9128,92.61,14
SC_IPC_INSULT_TO_THE_MODESTY_OF_WOMEN,float64,9128,92.61,7
SC_IPC_KIDNAPPING_ABDUCTION,float64,9128,92.61,10
SC_IPC_KIDNAPING_ABDUCTION,float64,9128,92.61,6
SC_IPC_KIDNAPING_ABDUCTION_IN_ORDER_TO_MURDER,float64,9128,92.61,1
SC_IPC_KIDNAPPING_FOR_RANSOM,float64,9128,92.61,2
SC_IPC_KIDNAPPING_ABDUCTION_OF_WOMEN_TO_COMPEL_HER_FOR_MARRIAGE,float64,9128,92.61,7
SC_IPC_OTHER_KIDNAPPING,float64,9128,92.61,6
SC_IPC_DACOITY,float64,9128,92.61,3
SC_IPC_DACOITY_WITH_MURDER,float64,9128,92.61,1
SC_IPC_OTHER_DACOITY,float64,9128,92.61,3
SC_IPC_ROBBERY,float64,9128,92.61,4
SC_IPC_ARSON,float64,9128,92.61,4
SC_IPC_GRIEVOUS_HURT,float64,9128,92.61,8
SC_IPC_HURT,float64,9128,92.61,8
SC_IPC_ACID_ATTACK,float64,9128,92.61,1
SC_IPC_ATTEMPT_TO_ACID_ATTACK,float64,9128,92.61,1
SC_IPC_RIOTS,float64,9128,92.61,10
SC_IPC_OTHER_IPC_CRIMES,float64,9128,92.61,46
SC_TOTAL_IPC_CRIMES_AGAINST_SCS,float64,9128,92.61,51
SC_MANUAL_SCAVENGERS_AND_CONSTRUCTION_OF_DRY_LATRINES_P_ACT_1993,float64,9128,92.61,1
SC_OTHER_SLL_CRIME_AGAINST_SCS,float64,9128,92.61,12
SC_TOTAL_CRIMES_AGAINST_SCS,float64,9128,92.61,195
ST_MURDER,float64,968,9.82,23
ST_RAPE,float64,968,9.82,39
ST_KIDNAPPING_ABDUCTION,float64,968,9.82,14
ST_DACOITY,float64,968,9.82,13
ST_ROBBERY,float64,968,9.82,15
ST_ARSON,float64,968,9.82,11
ST_HURT,float64,968,9.82,51
ST_PROTECTION_OF_CIVIL_RIGHTS_PCR_ACT,float64,968,9.82,19
ST_PREVENTION_OF_ATROCITIES_POA_ACT,float64,968,9.82,72
ST_OTHER_CRIMES_AGAINST_STS,float64,968,9.82,99
ST_PROTECTION_OF_CIVIL_RIGHTS_ACT_1955,float64,9128,92.61,2
ST_POA_MURDER,float64,9128,92.61,6
ST_POA_ATTEMPT_TO_COMMIT_MURDER,float64,9128,92.61,6
ST_POA_RAPE,float64,9128,92.61,21
ST_POA_ATTEMPT_TO_COMMIT_RAPE,float64,9128,92.61,4
ST_POA_ASSAULT_ON_WOMEN_WITH_INTENT_TO_OUTRAGE_HER_MODESTY,float64,9128,92.61,24
ST_POA_SEXUAL_HARASSMENT,float64,9128,92.61,11
ST_POA_ASSAULT_ON_WOMEN_WITH_INTENT_TO_DISROBE,float64,9128,92.61,5
ST_POA_VOYEURISM,float64,9128,92.61,2
ST_POA_STALKING,float64,9128,92.61,4
ST_POA_OTHER_SEXUAL_HARASSMENT,float64,9128,92.61,16
ST_POA_INSULT_TO_THE_MODESTY_OF_WOMEN,float64,9128,92.61,3
ST_POA_KIDNAPPING_ABDUCTION_GRANDTOTAL,float64,9128,92.61,9
ST_POA_KIDNAPING_ABDUCTION_TOTAL,float64,9128,92.61,6
ST_POA_KIDNAPING_ABDUCTION_IN_ORDER_TO_MURDER,float64,9128,92.61,1
ST_POA_KIDNAPPING_FOR_RANSOM,float64,9128,92.61,1
ST_POA_KIDNAPPING_ABDUCTION_OF_WOMEN_TO_COMPEL_HER_FOR_MARRIAGE,float64,9128,92.61,5
ST_POA_OTHER_KIDNAPPING,float64,9128,92.61,7
ST_POA_DACOITY,float64,9128,92.61,2
ST_POA_DACOITY_WITH_MURDER,float64,9128,92.61,1
ST_POA_OTHER_DACOITY,float64,9128,92.61,2
ST_POA_ROBBERY,float64,9128,92.61,3
ST_POA_ARSON,float64,9128,92.61,3
ST_POA_GRIEVOUS_HURT,float64,9128,92.61,15
ST_POA_HURT,float64,9128,92.61,15
ST_POA_ACID_ATTACK,float64,9128,92.61,2
ST_POA_ATTEMPT_TO_ACID_ATTACK,float64,9128,92.61,1
ST_POA_RIOTS,float64,9128,92.61,5
ST_POA_OTHER_IPC_CRIMES,float64,9128,92.61,48
ST_POA_SC_ST_PREVENTION_OF_ATROCITIES_ACT_ONLY,float64,9128,92.61,28
ST_TOTAL_OF_SC_ST_PREVENTION_OF_ATROCITIES_ACT_1989,float64,9128,92.61,68
ST_IPC_MURDER,float64,9128,92.61,7
ST_IPC_ATTEMPT_TO_COMMIT_MURDER,float64,9128,92.61,6
ST_IPC_RAPE,float64,9128,92.61,10
ST_IPC_ATTEMPT_TO_COMMIT_RAPE,float64,9128,92.61,4
ST_IPC_ASSAULT_ON_WOMEN_WITH_INTENT_TO_OUTRAGE_HER_MODESTY,float64,9128,92.61,14
ST_IPC_SEXUAL_HARASSMENT,float64,9128,92.61,7
ST_IPC_ASSAULT_ON_WOMEN_WITH_INTENT_TO_DISROBE,float64,9128,92.61,6
ST_IPC_VOYEURISM,float64,9128,92.61,1
ST_IPC_STALKING,float64,9128,92.61,3
ST_IPC_OTHER_SEXUAL_HARASSMENT,float64,9128,92.61,12
ST_IPC_INSULT_TO_THE_MODESTY_OF_WOMEN,float64,9128,92.61,5
ST_IPC_KIDNAPPING_ABDUCTION,float64,9128,92.61,10
ST_IPC_KIDNAPING_ABDUCTION,float64,9128,92.61,7
ST_IPC_KIDNAPING_ABDUCTION_IN_ORDER_TO_MURDER,float64,9128,92.61,1
ST_IPC_KIDNAPPING_FOR_RANSOM,float64,9128,92.61,2
ST_IPC_KIDNAPPING_ABDUCTION_OF_WOMEN_TO_COMPEL_HER_FOR_MARRIAGE,float64,9128,92.61,7
ST_IPC_OTHER_KIDNAPPING,float64,9128,92.61,4
ST_IPC_DACOITY,float64,9128,92.61,1
ST_IPC_DACOITY_WITH_MURDER,float64,9128,92.61,1
ST_IPC_OTHER_DACOITY,float64,9128,92.61,1
ST_IPC_ROBBERY,float64,9128,92.61,5
ST_IPC_ARSON,float64,9128,92.61,4
ST_IPC_GRIEVOUS_HURT,float64,9128,92.61,8
ST_IPC_HURT,float64,9128,92.61,8
ST_IPC_ACID_ATTACK,float64,9128,92.61,1
ST_IPC_ATTEMPT_TO_ACID_ATTACK,float64,9128,92.61,1
ST_IPC_RIOTS,float64,9128,92.61,6
ST_IPC_OTHER_IPC_CRIMES,float64,9128,92.61,30
ST_TOTAL_IPC_CRIMES_AGAINST_STS,float64,9128,92.61,31
ST_MANUAL_SCAVENGERS_AND_CONSTRUCTION_OF_DRY_LATRINES_P_ACT_1993,float64,9128,92.61,1
ST_OTHER_SLL_CRIME_AGAINST_STS,float64,9128,92.61,9
ST_TOTAL_CRIMES_AGAINST_STS,float64,9128,92.61,79
CHILDREN_MURDER,float64,1737,17.62,42
CHILDREN_RAPE,float64,1002,10.17,109
CHILDREN_KIDNAPPING_AND_ABDUCTION,float64,1002,10.17,227
CHILDREN_FOETICIDE,float64,1002,10.17,19
CHILDREN_ABETMENT_OF_SUICIDE,float64,1002,10.17,14
CHILDREN_EXPOSURE_AND_ABANDONMENT,float64,1002,10.17,37
CHILDREN_PROCURATION_OF_MINOR_GIRLS,float64,1002,10.17,53
CHILDREN_BUYING_OF_GIRLS_FOR_PROSTITUTION,float64,1002,10.17,15
CHILDREN_SELLING_OF_GIRLS_FOR_PROSTITUTION,float64,1002,10.17,27
CHILDREN_PROHIBITION_OF_CHILD_MARRIAGE_ACT,float64,1002,10.17,16
CHILDREN_OTHER_CRIMES,float64,1002,10.17,194
CHILDREN_TOTAL,float64,992,10.06,358
CHILDREN_INFANTICID,float64,9121,92.54,6
CHILDREN_OTHER_MURDER,float64,9121,92.54,20
WOMEN_RAPE,float64,226,2.29,265
WOMEN_KIDNAPPING_AND_ABDUCTION,float64,954,9.68,331
WOMEN_DOWRY_DEATHS,float64,226,2.29,128
WOMEN_ASSAULT_ON_WOMEN_WITH_INTENT_TO_OUTRAGE_HER_MODESTY,float64,954,9.68,399
WOMEN_INSULT_TO_MODESTY_OF_WOMEN,float64,954,9.68,264
WOMEN_CRUELTY_BY_HUSBAND_OR_HIS_RELATIVES,float64,226,2.29,732
WOMEN_IMPORTATION_OF_GIRLS,float64,954,9.68,24
WOMEN_CUSTODIAL_RAPE,float64,9128,92.61,15
WOMEN_CUSTODIAL_GANG_RAPE,float64,9128,92.61,3
WOMEN_CUSTODIAL_OTHER_RAPE,float64,9128,92.61,14
WOMEN_RAPE_OTHER_THAN_CUSTODIAL,float64,9128,92.61,158
WOMEN_RAPE_GANG_RAPE,float64,9128,92.61,33
WOMEN_RAPE_OTHERS,float64,9128,92.61,156
WOMEN_ATTEMPT_TO_COMMIT_RAPE,float64,9128,92.61,54
WOMEN_KIDNAPPING_ABDUCTION_TOTAL,float64,9128,92.61,227
WOMEN_KIDNAPING_ABDUCTION,float64,9128,92.61,119
WOMEN_KIDNAPING_ABDUCTION_IN_ORDER_TO_MURDER,float64,9128,92.61,9
WOMEN_KIDNAPPING_FOR_RANSOM,float64,9128,92.61,7
WOMEN_KIDNAPPING_ABDUCTION_OF_WOMEN_TO_COMPEL_HER_FOR_MARRIAGE,float64,9128,92.61,170
WOMEN_KIDNAPING_ABDUCTION_OTHERS,float64,9128,92.61,85
WOMEN_ASSAULT_ON_WOMEN_WITH_INTENT_TO_OUTRAGE_HER_MODESTY_TOTAL,float64,9128,92.61,271
WOMEN_SEXUAL_HARASSMENT,float64,9128,92.61,131
WOMEN_ASSAULT_ON_WOMEN_WITH_INTENT_TO_DISROBE,float64,9128,92.61,71
WOMEN_VOYEURISM,float64,9128,92.61,20
WOMEN_STALKING,float64,9128,92.61,61
WOMEN_OTHERS,float64,9128,92.61,205
WOMEN_INSULT_TO_THE_MODESTY_OF_WOMEN_TOTAL,float64,9128,92.61,71
WOMEN_AT_OFFICE_PREMISES,float64,9128,92.61,6
WOMEN_IN_PLACES_RELATED_TO_WORK,float64,9128,92.61,15
WOMEN_IN_PUBLIC_TRANSPORT_SYSTEM,float64,9128,92.61,7
WOMEN_IN_OTHER_PLACES,float64,9128,92.61,72
WOMEN_IMPORTATION_OF_GIRLS_FROM_FOREIGN_COUNTRY,float64,9128,92.61,5
WOMEN_MURDER,float64,9128,92.61,57
WOMEN_ATTEMPT_TO_COMMIT_MURDER,float64,9128,92.61,48
WOMEN_CULPABLE_HOMICIDE_NOT_AMOUNTING_TO_MURDER,float64,9128,92.61,11
WOMEN_ATTEMPT_TO_COMMIT_CULPABLE_HOMICIDE,float64,9128,92.61,16
WOMEN_GRIEVOUS_HURT,float64,9128,92.61,75
WOMEN_HURT,float64,9128,92.61,73
WOMEN_ACID_ATTACK,float64,9128,92.61,6
WOMEN_ATTEMPT_TO_ACID_ATTACK,float64,9128,92.61,3
WOMEN_DEATHS_CAUSED_WITH_INTENT_TO_CAUSE_MISCARRIAGE,float64,9128,92.61,2
WOMEN_CAUSING_MISCARRIAGE_WITHOUT_CONSENT_OF_WOMEN,float64,9128,92.61,8
WOMEN_DACOITY_TOTAL,float64,9128,92.61,12
WOMEN_DACOITY_WITH_MURDER,float64,9128,92.61,2
WOMEN_OTHER_DACOITY,float64,9128,92.61,12
WOMEN_ROBBERY,float64,9128,92.61,71
WOMEN_ARSON,float64,9128,92.61,11
WOMEN_HUMANTRAFFICKING,float64,9128,92.61,17
WOMEN_ABETMENT_OF_SUICIDES_OF_WOMEN,float64,9128,92.61,49
WOMEN_UNNATURAL_OFFENCES,float64,9128,92.61,5
WOMEN_OTHER_IPC_CRIMES,float64,9128,92.61,198
WOMEN_DOWRY_PROHIBITION_ACT_1961,float64,9128,92.61,91
WOMEN_INDECENT_REPRESENTATION_OF_WOMEN_P_ACT_1986,float64,9128,92.61,6
WOMEN_COMMISSION_OF_SATI_PREVENTION_ACT_1987,float64,9128,92.61,1
WOMEN_PROTECTION_OF_WOMEN_FROM_DOMESTIC_VIOLENCE_ACT_2005,float64,9128,92.61,15
WOMEN_IMMORAL_TRAFFIC_PREVENTION_ACT,float64,9128,92.61,29
WOMEN_ITP_UNDER_SECTION_5,float64,9128,92.61,17
WOMEN_ITP_UNDER_SECTION_6,float64,9128,92.61,7
WOMEN_ITP_UNDER_SECTION_7,float64,9128,92.61,9
WOMEN_ITP_UNDER_SECTION_8,float64,9128,92.61,8
WOMEN_ITP_UNDER_OTHER_SECTIONS,float64,9128,92.61,22
WOMEN_OTHER_SLL_CRIMES_AGAINST_WOMEN,float64,9128,92.61,90
WOMEN_TOTAL_CRIMES_AGAINST_WOMEN,float64,9128,92.61,516
IPC_AVAILABLE,bool,0,0.0,2
SC_AVAILABLE,bool,0,0.0,2
ST_AVAILABLE,bool,0,0.0,2
CHILDREN_AVAILABLE,bool,0,0.0,2
WOMEN_AVAILABLE,bool,0,0.0,2
IPC_ASSAULT_ON_WOMEN_WITH_INTENT_TO_OUTRAGE_HER_MODESTY,float64,225,2.28,432
IPC_AUTO_THEFT,float64,225,2.28,1015
IPC_CAUSING_DEATH_BY_NEGLIGENCE,float64,225,2.28,696
IPC_CRIMINAL_BREACH_OF_TRUST,float64,225,2.28,276
IPC_CRUELTY_BY_HUSBAND_OR_HIS_RELATIVES,float64,225,2.28,732
IPC_CULPABLE_HOMICIDE_NOT_AMOUNTING_TO_MURDER,float64,225,2.28,95
IPC_CUSTODIAL_RAPE,float64,225,2.28,16
IPC_DOWRY_DEATHS,float64,225,2.28,128
IPC_KIDNAPPING_ABDUCTION,float64,225,2.28,413
IPC_OTHER_IPC_CRIMES,float64,225,2.28,3072
